filepath,class,label,split
/content/drive/MyDrive/Plant Disease Detection (Computer Vision)/1st Raw_Data/Corn/Final_Combined/Healthy/Corn_Healthy_0308.jpg,Healthy,0,train
/content/drive/MyDrive/Plant Disease Detection (Computer Vision)/1st Raw_Data/Corn/Final_Combined/Northern_Leaf_Blight/Corn_Northern_Leaf_Blight_0396.jpg,Northern_Leaf_Blight,2,train
/content/drive/MyDrive/Plant Disease Detection (Computer Vision)/1st Raw_Data/Corn/Final_Combined/Northern_Leaf_Blight/Corn_Northern_Leaf_Blight_0277.jpg,Northern_Leaf_Blight,2,train
/content/drive/MyDrive/Plant Disease Detection (Computer Vision)/1st Raw_Data/Corn/Final_Combined/Healthy/Corn_Healthy_0152.jpg,Healthy,0,train
/content/drive/MyDrive/Plant Disease Detection (Computer Vision)/1st Raw_Data/Corn/Final_Combined/Northern_Leaf_Blight/Corn_Northern_Leaf_Blight_0054.jpg,Northern_Leaf_Blight,2,train
/content/drive/MyDrive/Plant Disease Detection (Computer Vision)/1st Raw_Data/Corn/Final_Combined/Northern_Leaf_Blight/Corn_Northern_Leaf_Blight_0429.jpg,Northern_Leaf_Blight,2,train
/content/drive/MyDrive/Plant Disease Detection (Computer Vision)/1st Raw_Data/Corn/Final_Combined/Common_Rust/Corn_Common_Rust_0550.jpg,Common_Rust,1,train
/content/drive/MyDrive/Plant Disease Detection (Computer Vision)/1st Raw_Data/Corn/Final_Combined/Healthy/Corn_Healthy_0546.jpg,Healthy,0,train
/content/drive/MyDrive/Plant Disease Detection (Computer Vision)/1st Raw_Data/Corn/Final_Combined/Northern_Leaf_Blight/Corn_Northern_Leaf_Blight_0463.jpg,Northern_Leaf_Blight,2,train
/content/drive/MyDrive/Plant Disease Detection (Computer Vision)/1st Raw_Data/Corn/Final_Combined/Common_Rust/Corn_Common_Rust_0198.jpg,Common_Rust,1,train
/content/drive/MyDrive/Plant Disease Detection (Computer Vision)/1st Raw_Data/Corn/Final_Combined/Common_Rust/Corn_Common_Rust_0011.jpg,Common_Rust,1,train
/content/drive/MyDrive/Plant Disease Detection (Computer Vision)/1st Raw_Data/Corn/Final_Combined/Common_Rust/Corn_Common_Rust_0157.jpg,Common_Rust,1,train
/content/drive/MyDrive/Plant Disease Detection (Computer Vision)/1st Raw_Data/Corn/Final_Combined/Healthy/Corn_Healthy_0237.jpg,Healthy,0,train
/content/drive/MyDrive/Plant Disease Detection (Computer Vision)/1st Raw_Data/Corn/Final_Combined/Northern_Leaf_Blight/Corn_Northern_Leaf_Blight_0099.jpg,Northern_Leaf_Blight,2,train
/content/drive/MyDrive/Plant Disease Detection (Computer Vision)/1st Raw_Data/Corn/Final_Combined/Healthy/Corn_Healthy_0164.jpg,Healthy,0,train
/content/drive/MyDrive/Plant Disease Detection (Computer Vision)/1st Raw_Data/Corn/Final_Combined/Healthy/Corn_Healthy_0556.jpg,Healthy,0,train
/content/drive/MyDrive/Plant Disease Detection (Computer Vision)/1st Raw_Data/Corn/Final_Combined/Common_Rust/Corn_Common_Rust_0337.jpg,Common_Rust,1,train
/content/drive/MyDrive/Plant Disease Detection (Computer Vision)/1st Raw_Data/Corn/Final_Combined/Common_Rust/Corn_Common_Rust_0538.jpg,Common_Rust,1,train
/content/drive/MyDrive/Plant Disease Detection (Computer Vision)/1st Raw_Data/Corn/Final_Combined/Healthy/Corn_Healthy_0590.jpg,Healthy,0,train
/content/drive/MyDrive/Plant Disease Detection (Computer Vision)/1st Raw_Data/Corn/Final_Combined/Healthy/Corn_Healthy_0317.jpg,Healthy,0,train
/content/drive/MyDrive/Plant Disease Detection (Computer Vision)/1st Raw_Data/Corn/Final_Combined/Common_Rust/Corn_Common_Rust_0211.jpg,Common_Rust,1,train
/content/drive/MyDrive/Plant Disease Detection (Computer Vision)/1st Raw_Data/Corn/Final_Combined/Common_Rust/Corn_Common_Rust_0214.jpg,Common_Rust,1,train
/content/drive/MyDrive/Plant Disease Detection (Computer Vision)/1st Raw_Data/Corn/Final_Combined/Common_Rust/Corn_Common_Rust_0203.jpg,Common_Rust,1,train
/content/drive/MyDrive/Plant Disease Detection (Computer Vision)/1st Raw_Data/Corn/Final_Combined/Healthy/Corn_Healthy_0271.jpg,Healthy,0,train
/content/drive/MyDrive/Plant Disease Detection (Computer Vision)/1st Raw_Data/Corn/Final_Combined/Healthy/Corn_Healthy_0178.jpg,Healthy,0,train
/content/drive/MyDrive/Plant Disease Detection (Computer Vision)/1st Raw_Data/Corn/Final_Combined/Northern_Leaf_Blight/Corn_Northern_Leaf_Blight_0345.jpg,Northern_Leaf_Blight,2,train
/content/drive/MyDrive/Plant Disease Detection (Computer Vision)/1st Raw_Data/Corn/Final_Combined/Common_Rust/Corn_Common_Rust_0001.jpg,Common_Rust,1,train
/content/drive/MyDrive/Plant Disease Detection (Computer Vision)/1st Raw_Data/Corn/Final_Combined/Healthy/Corn_Healthy_0272.jpg,Healthy,0,train
/content/drive/MyDrive/Plant Disease Detection (Computer Vision)/1st Raw_Data/Corn/Final_Combined/Common_Rust/Corn_Common_Rust_0303.jpg,Common_Rust,1,train
/content/drive/MyDrive/Plant Disease Detection (Computer Vision)/1st Raw_Data/Corn/Final_Combined/Northern_Leaf_Blight/Corn_Northern_Leaf_Blight_0452.jpg,Northern_Leaf_Blight,2,train
/content/drive/MyDrive/Plant Disease Detection (Computer Vision)/1st Raw_Data/Corn/Final_Combined/Northern_Leaf_Blight/Corn_Northern_Leaf_Blight_0569.jpg,Northern_Leaf_Blight,2,train
/content/drive/MyDrive/Plant Disease Detection (Computer Vision)/1st Raw_Data/Corn/Final_Combined/Healthy/Corn_Healthy_0010.jpg,Healthy,0,train
/content/drive/MyDrive/Plant Disease Detection (Computer Vision)/1st Raw_Data/Corn/Final_Combined/Northern_Leaf_Blight/Corn_Northern_Leaf_Blight_0522.jpg,Northern_Leaf_Blight,2,train
/content/drive/MyDrive/Plant Disease Detection (Computer Vision)/1st Raw_Data/Corn/Final_Combined/Northern_Leaf_Blight/Corn_Northern_Leaf_Blight_0115.jpg,Northern_Leaf_Blight,2,train
/content/drive/MyDrive/Plant Disease Detection (Computer Vision)/1st Raw_Data/Corn/Final_Combined/Common_Rust/Corn_Common_Rust_0255.jpg,Common_Rust,1,train
/content/drive/MyDrive/Plant Disease Detection (Computer Vision)/1st Raw_Data/Corn/Final_Combined/Healthy/Corn_Healthy_0512.jpg,Healthy,0,train
/content/drive/MyDrive/Plant Disease Detection (Computer Vision)/1st Raw_Data/Corn/Final_Combined/Northern_Leaf_Blight/Corn_Northern_Leaf_Blight_0156.jpg,Northern_Leaf_Blight,2,train
/content/drive/MyDrive/Plant Disease Detection (Computer Vision)/1st Raw_Data/Corn/Final_Combined/Common_Rust/Corn_Common_Rust_0117.jpg,Common_Rust,1,train
/content/drive/MyDrive/Plant Disease Detection (Computer Vision)/1st Raw_Data/Corn/Final_Combined/Healthy/Corn_Healthy_0204.jpg,Healthy,0,train
/content/drive/MyDrive/Plant Disease Detection (Computer Vision)/1st Raw_Data/Corn/Final_Combined/Common_Rust/Corn_Common_Rust_0449.jpg,Common_Rust,1,train
/content/drive/MyDrive/Plant Disease Detection (Computer Vision)/1st Raw_Data/Corn/Final_Combined/Common_Rust/Corn_Common_Rust_0035.jpg,Common_Rust,1,train
/content/drive/MyDrive/Plant Disease Detection (Computer Vision)/1st Raw_Data/Corn/Final_Combined/Northern_Leaf_Blight/Corn_Northern_Leaf_Blight_0300.jpg,Northern_Leaf_Blight,2,train
/content/drive/MyDrive/Plant Disease Detection (Computer Vision)/1st Raw_Data/Corn/Final_Combined/Healthy/Corn_Healthy_0151.jpg,Healthy,0,train
/content/drive/MyDrive/Plant Disease Detection (Computer Vision)/1st Raw_Data/Corn/Final_Combined/Common_Rust/Corn_Common_Rust_0012.jpg,Common_Rust,1,train
/content/drive/MyDrive/Plant Disease Detection (Computer Vision)/1st Raw_Data/Corn/Final_Combined/Common_Rust/Corn_Common_Rust_0599.jpg,Common_Rust,1,train
/content/drive/MyDrive/Plant Disease Detection (Computer Vision)/1st Raw_Data/Corn/Final_Combined/Common_Rust/Corn_Common_Rust_0233.jpg,Common_Rust,1,train
/content/drive/MyDrive/Plant Disease Detection (Computer Vision)/1st Raw_Data/Corn/Final_Combined/Northern_Leaf_Blight/Corn_Northern_Leaf_Blight_0221.jpg,Northern_Leaf_Blight,2,train
/content/drive/MyDrive/Plant Disease Detection (Computer Vision)/1st Raw_Data/Corn/Final_Combined/Northern_Leaf_Blight/Corn_Northern_Leaf_Blight_0404.jpg,Northern_Leaf_Blight,2,train
/content/drive/MyDrive/Plant Disease Detection (Computer Vision)/1st Raw_Data/Corn/Final_Combined/Healthy/Corn_Healthy_0143.jpg,Healthy,0,train
/content/drive/MyDrive/Plant Disease Detection (Computer Vision)/1st Raw_Data/Corn/Final_Combined/Northern_Leaf_Blight/Corn_Northern_Leaf_Blight_0159.jpg,Northern_Leaf_Blight,2,train
/content/drive/MyDrive/Plant Disease Detection (Computer Vision)/1st Raw_Data/Corn/Final_Combined/Common_Rust/Corn_Common_Rust_0265.jpg,Common_Rust,1,train
/content/drive/MyDrive/Plant Disease Detection (Computer Vision)/1st Raw_Data/Corn/Final_Combined/Northern_Leaf_Blight/Corn_Northern_Leaf_Blight_0487.jpg,Northern_Leaf_Blight,2,train
/content/drive/MyDrive/Plant Disease Detection (Computer Vision)/1st Raw_Data/Corn/Final_Combined/Healthy/Corn_Healthy_0294.jpg,Healthy,0,train
/content/drive/MyDrive/Plant Disease Detection (Computer Vision)/1st Raw_Data/Corn/Final_Combined/Healthy/Corn_Healthy_0239.jpg,Healthy,0,train
/content/drive/MyDrive/Plant Disease Detection (Computer Vision)/1st Raw_Data/Corn/Final_Combined/Northern_Leaf_Blight/Corn_Northern_Leaf_Blight_0128.jpg,Northern_Leaf_Blight,2,train
/content/drive/MyDrive/Plant Disease Detection (Computer Vision)/1st Raw_Data/Corn/Final_Combined/Northern_Leaf_Blight/Corn_Northern_Leaf_Blight_0543.jpg,Northern_Leaf_Blight,2,train
/content/drive/MyDrive/Plant Disease Detection (Computer Vision)/1st Raw_Data/Corn/Final_Combined/Healthy/Corn_Healthy_0128.jpg,Healthy,0,train
/content/drive/MyDrive/Plant Disease Detection (Computer Vision)/1st Raw_Data/Corn/Final_Combined/Healthy/Corn_Healthy_0334.jpg,Healthy,0,train
/content/drive/MyDrive/Plant Disease Detection (Computer Vision)/1st Raw_Data/Corn/Final_Combined/Common_Rust/Corn_Common_Rust_0091.jpg,Common_Rust,1,train
/content/drive/MyDrive/Plant Disease Detection (Computer Vision)/1st Raw_Data/Corn/Final_Combined/Northern_Leaf_Blight/Corn_Northern_Leaf_Blight_0209.jpg,Northern_Leaf_Blight,2,train
/content/drive/MyDrive/Plant Disease Detection (Computer Vision)/1st Raw_Data/Corn/Final_Combined/Healthy/Corn_Healthy_0227.jpg,Healthy,0,train
/content/drive/MyDrive/Plant Disease Detection (Computer Vision)/1st Raw_Data/Corn/Final_Combined/Northern_Leaf_Blight/Corn_Northern_Leaf_Blight_0162.jpg,Northern_Leaf_Blight,2,train
/content/drive/MyDrive/Plant Disease Detection (Computer Vision)/1st Raw_Data/Corn/Final_Combined/Healthy/Corn_Healthy_0555.jpg,Healthy,0,train
/content/drive/MyDrive/Plant Disease Detection (Computer Vision)/1st Raw_Data/Corn/Final_Combined/Common_Rust/Corn_Common_Rust_0195.jpg,Common_Rust,1,train
/content/drive/MyDrive/Plant Disease Detection (Computer Vision)/1st Raw_Data/Corn/Final_Combined/Healthy/Corn_Healthy_0289.jpg,Healthy,0,train
/content/drive/MyDrive/Plant Disease Detection (Computer Vision)/1st Raw_Data/Corn/Final_Combined/Common_Rust/Corn_Common_Rust_0148.jpg,Common_Rust,1,train
/content/drive/MyDrive/Plant Disease Detection (Computer Vision)/1st Raw_Data/Corn/Final_Combined/Northern_Leaf_Blight/Corn_Northern_Leaf_Blight_0143.jpg,Northern_Leaf_Blight,2,train
/content/drive/MyDrive/Plant Disease Detection (Computer Vision)/1st Raw_Data/Corn/Final_Combined/Healthy/Corn_Healthy_0407.jpg,Healthy,0,train
/content/drive/MyDrive/Plant Disease Detection (Computer Vision)/1st Raw_Data/Corn/Final_Combined/Common_Rust/Corn_Common_Rust_0149.jpg,Common_Rust,1,train
/content/drive/MyDrive/Plant Disease Detection (Computer Vision)/1st Raw_Data/Corn/Final_Combined/Common_Rust/Corn_Common_Rust_0089.jpg,Common_Rust,1,train
/content/drive/MyDrive/Plant Disease Detection (Computer Vision)/1st Raw_Data/Corn/Final_Combined/Common_Rust/Corn_Common_Rust_0118.jpg,Common_Rust,1,train
/content/drive/MyDrive/Plant Disease Detection (Computer Vision)/1st Raw_Data/Corn/Final_Combined/Common_Rust/Corn_Common_Rust_0480.jpg,Common_Rust,1,train
/content/drive/MyDrive/Plant Disease Detection (Computer Vision)/1st Raw_Data/Corn/Final_Combined/Healthy/Corn_Healthy_0038.jpg,Healthy,0,train
/content/drive/MyDrive/Plant Disease Detection (Computer Vision)/1st Raw_Data/Corn/Final_Combined/Healthy/Corn_Healthy_0372.jpg,Healthy,0,train
/content/drive/MyDrive/Plant Disease Detection (Computer Vision)/1st Raw_Data/Corn/Final_Combined/Common_Rust/Corn_Common_Rust_0138.jpg,Common_Rust,1,train
/content/drive/MyDrive/Plant Disease Detection (Computer Vision)/1st Raw_Data/Corn/Final_Combined/Common_Rust/Corn_Common_Rust_0216.jpg,Common_Rust,1,train
/content/drive/MyDrive/Plant Disease Detection (Computer Vision)/1st Raw_Data/Corn/Final_Combined/Healthy/Corn_Healthy_0051.jpg,Healthy,0,train
/content/drive/MyDrive/Plant Disease Detection (Computer Vision)/1st Raw_Data/Corn/Final_Combined/Common_Rust/Corn_Common_Rust_0434.jpg,Common_Rust,1,train
/content/drive/MyDrive/Plant Disease Detection (Computer Vision)/1st Raw_Data/Corn/Final_Combined/Healthy/Corn_Healthy_0075.jpg,Healthy,0,train
/content/drive/MyDrive/Plant Disease Detection (Computer Vision)/1st Raw_Data/Corn/Final_Combined/Northern_Leaf_Blight/Corn_Northern_Leaf_Blight_0359.jpg,Northern_Leaf_Blight,2,train
/content/drive/MyDrive/Plant Disease Detection (Computer Vision)/1st Raw_Data/Corn/Final_Combined/Common_Rust/Corn_Common_Rust_0443.jpg,Common_Rust,1,train
/content/drive/MyDrive/Plant Disease Detection (Computer Vision)/1st Raw_Data/Corn/Final_Combined/Healthy/Corn_Healthy_0305.jpg,Healthy,0,train
/content/drive/MyDrive/Plant Disease Detection (Computer Vision)/1st Raw_Data/Corn/Final_Combined/Healthy/Corn_Healthy_0592.jpg,Healthy,0,train
/content/drive/MyDrive/Plant Disease Detection (Computer Vision)/1st Raw_Data/Corn/Final_Combined/Common_Rust/Corn_Common_Rust_0125.jpg,Common_Rust,1,train
/content/drive/MyDrive/Plant Disease Detection (Computer Vision)/1st Raw_Data/Corn/Final_Combined/Healthy/Corn_Healthy_0458.jpg,Healthy,0,train
/content/drive/MyDrive/Plant Disease Detection (Computer Vision)/1st Raw_Data/Corn/Final_Combined/Healthy/Corn_Healthy_0160.jpg,Healthy,0,train
/content/drive/MyDrive/Plant Disease Detection (Computer Vision)/1st Raw_Data/Corn/Final_Combined/Healthy/Corn_Healthy_0427.jpg,Healthy,0,train
/content/drive/MyDrive/Plant Disease Detection (Computer Vision)/1st Raw_Data/Corn/Final_Combined/Northern_Leaf_Blight/Corn_Northern_Leaf_Blight_0208.jpg,Northern_Leaf_Blight,2,train
/content/drive/MyDrive/Plant Disease Detection (Computer Vision)/1st Raw_Data/Corn/Final_Combined/Northern_Leaf_Blight/Corn_Northern_Leaf_Blight_0307.jpg,Northern_Leaf_Blight,2,train
/content/drive/MyDrive/Plant Disease Detection (Computer Vision)/1st Raw_Data/Corn/Final_Combined/Healthy/Corn_Healthy_0473.jpg,Healthy,0,train
/content/drive/MyDrive/Plant Disease Detection (Computer Vision)/1st Raw_Data/Corn/Final_Combined/Northern_Leaf_Blight/Corn_Northern_Leaf_Blight_0423.jpg,Northern_Leaf_Blight,2,train
/content/drive/MyDrive/Plant Disease Detection (Computer Vision)/1st Raw_Data/Corn/Final_Combined/Northern_Leaf_Blight/Corn_Northern_Leaf_Blight_0400.jpg,Northern_Leaf_Blight,2,train
/content/drive/MyDrive/Plant Disease Detection (Computer Vision)/1st Raw_Data/Corn/Final_Combined/Common_Rust/Corn_Common_Rust_0070.jpg,Common_Rust,1,train
/content/drive/MyDrive/Plant Disease Detection (Computer Vision)/1st Raw_Data/Corn/Final_Combined/Healthy/Corn_Healthy_0506.jpg,Healthy,0,train
/content/drive/MyDrive/Plant Disease Detection (Computer Vision)/1st Raw_Data/Corn/Final_Combined/Northern_Leaf_Blight/Corn_Northern_Leaf_Blight_0043.jpg,Northern_Leaf_Blight,2,train
/content/drive/MyDrive/Plant Disease Detection (Computer Vision)/1st Raw_Data/Corn/Final_Combined/Healthy/Corn_Healthy_0504.jpg,Healthy,0,train
/content/drive/MyDrive/Plant Disease Detection (Computer Vision)/1st Raw_Data/Corn/Final_Combined/Common_Rust/Corn_Common_Rust_0537.jpg,Common_Rust,1,train
/content/drive/MyDrive/Plant Disease Detection (Computer Vision)/1st Raw_Data/Corn/Final_Combined/Healthy/Corn_Healthy_0195.jpg,Healthy,0,train
/content/drive/MyDrive/Plant Disease Detection (Computer Vision)/1st Raw_Data/Corn/Final_Combined/Common_Rust/Corn_Common_Rust_0588.jpg,Common_Rust,1,train
/content/drive/MyDrive/Plant Disease Detection (Computer Vision)/1st Raw_Data/Corn/Final_Combined/Northern_Leaf_Blight/Corn_Northern_Leaf_Blight_0467.jpg,Northern_Leaf_Blight,2,train
/content/drive/MyDrive/Plant Disease Detection (Computer Vision)/1st Raw_Data/Corn/Final_Combined/Northern_Leaf_Blight/Corn_Northern_Leaf_Blight_0500.jpg,Northern_Leaf_Blight,2,train
/content/drive/MyDrive/Plant Disease Detection (Computer Vision)/1st Raw_Data/Corn/Final_Combined/Northern_Leaf_Blight/Corn_Northern_Leaf_Blight_0166.jpg,Northern_Leaf_Blight,2,train
/content/drive/MyDrive/Plant Disease Detection (Computer Vision)/1st Raw_Data/Corn/Final_Combined/Northern_Leaf_Blight/Corn_Northern_Leaf_Blight_0165.jpg,Northern_Leaf_Blight,2,train
/content/drive/MyDrive/Plant Disease Detection (Computer Vision)/1st Raw_Data/Corn/Final_Combined/Northern_Leaf_Blight/Corn_Northern_Leaf_Blight_0582.jpg,Northern_Leaf_Blight,2,train
/content/drive/MyDrive/Plant Disease Detection (Computer Vision)/1st Raw_Data/Corn/Final_Combined/Common_Rust/Corn_Common_Rust_0240.jpg,Common_Rust,1,train
/content/drive/MyDrive/Plant Disease Detection (Computer Vision)/1st Raw_Data/Corn/Final_Combined/Healthy/Corn_Healthy_0323.jpg,Healthy,0,train
/content/drive/MyDrive/Plant Disease Detection (Computer Vision)/1st Raw_Data/Corn/Final_Combined/Northern_Leaf_Blight/Corn_Northern_Leaf_Blight_0027.jpg,Northern_Leaf_Blight,2,train
/content/drive/MyDrive/Plant Disease Detection (Computer Vision)/1st Raw_Data/Corn/Final_Combined/Healthy/Corn_Healthy_0107.jpg,Healthy,0,train
/content/drive/MyDrive/Plant Disease Detection (Computer Vision)/1st Raw_Data/Corn/Final_Combined/Common_Rust/Corn_Common_Rust_0283.jpg,Common_Rust,1,train
/content/drive/MyDrive/Plant Disease Detection (Computer Vision)/1st Raw_Data/Corn/Final_Combined/Healthy/Corn_Healthy_0582.jpg,Healthy,0,train
/content/drive/MyDrive/Plant Disease Detection (Computer Vision)/1st Raw_Data/Corn/Final_Combined/Northern_Leaf_Blight/Corn_Northern_Leaf_Blight_0383.jpg,Northern_Leaf_Blight,2,train
/content/drive/MyDrive/Plant Disease Detection (Computer Vision)/1st Raw_Data/Corn/Final_Combined/Common_Rust/Corn_Common_Rust_0378.jpg,Common_Rust,1,train
/content/drive/MyDrive/Plant Disease Detection (Computer Vision)/1st Raw_Data/Corn/Final_Combined/Common_Rust/Corn_Common_Rust_0340.jpg,Common_Rust,1,train
/content/drive/MyDrive/Plant Disease Detection (Computer Vision)/1st Raw_Data/Corn/Final_Combined/Common_Rust/Corn_Common_Rust_0442.jpg,Common_Rust,1,train
/content/drive/MyDrive/Plant Disease Detection (Computer Vision)/1st Raw_Data/Corn/Final_Combined/Healthy/Corn_Healthy_0558.jpg,Healthy,0,train
/content/drive/MyDrive/Plant Disease Detection (Computer Vision)/1st Raw_Data/Corn/Final_Combined/Northern_Leaf_Blight/Corn_Northern_Leaf_Blight_0526.jpg,Northern_Leaf_Blight,2,train
/content/drive/MyDrive/Plant Disease Detection (Computer Vision)/1st Raw_Data/Corn/Final_Combined/Northern_Leaf_Blight/Corn_Northern_Leaf_Blight_0440.jpg,Northern_Leaf_Blight,2,train
/content/drive/MyDrive/Plant Disease Detection (Computer Vision)/1st Raw_Data/Corn/Final_Combined/Common_Rust/Corn_Common_Rust_0053.jpg,Common_Rust,1,train
/content/drive/MyDrive/Plant Disease Detection (Computer Vision)/1st Raw_Data/Corn/Final_Combined/Common_Rust/Corn_Common_Rust_0188.jpg,Common_Rust,1,train
/content/drive/MyDrive/Plant Disease Detection (Computer Vision)/1st Raw_Data/Corn/Final_Combined/Common_Rust/Corn_Common_Rust_0168.jpg,Common_Rust,1,train
/content/drive/MyDrive/Plant Disease Detection (Computer Vision)/1st Raw_Data/Corn/Final_Combined/Northern_Leaf_Blight/Corn_Northern_Leaf_Blight_0387.jpg,Northern_Leaf_Blight,2,train
/content/drive/MyDrive/Plant Disease Detection (Computer Vision)/1st Raw_Data/Corn/Final_Combined/Healthy/Corn_Healthy_0050.jpg,Healthy,0,train
/content/drive/MyDrive/Plant Disease Detection (Computer Vision)/1st Raw_Data/Corn/Final_Combined/Healthy/Corn_Healthy_0279.jpg,Healthy,0,train
/content/drive/MyDrive/Plant Disease Detection (Computer Vision)/1st Raw_Data/Corn/Final_Combined/Healthy/Corn_Healthy_0554.jpg,Healthy,0,train
/content/drive/MyDrive/Plant Disease Detection (Computer Vision)/1st Raw_Data/Corn/Final_Combined/Common_Rust/Corn_Common_Rust_0506.jpg,Common_Rust,1,train
/content/drive/MyDrive/Plant Disease Detection (Computer Vision)/1st Raw_Data/Corn/Final_Combined/Common_Rust/Corn_Common_Rust_0008.jpg,Common_Rust,1,train
/content/drive/MyDrive/Plant Disease Detection (Computer Vision)/1st Raw_Data/Corn/Final_Combined/Healthy/Corn_Healthy_0054.jpg,Healthy,0,train
/content/drive/MyDrive/Plant Disease Detection (Computer Vision)/1st Raw_Data/Corn/Final_Combined/Healthy/Corn_Healthy_0028.jpg,Healthy,0,train
/content/drive/MyDrive/Plant Disease Detection (Computer Vision)/1st Raw_Data/Corn/Final_Combined/Common_Rust/Corn_Common_Rust_0217.jpg,Common_Rust,1,train
/content/drive/MyDrive/Plant Disease Detection (Computer Vision)/1st Raw_Data/Corn/Final_Combined/Northern_Leaf_Blight/Corn_Northern_Leaf_Blight_0069.jpg,Northern_Leaf_Blight,2,train
/content/drive/MyDrive/Plant Disease Detection (Computer Vision)/1st Raw_Data/Corn/Final_Combined/Northern_Leaf_Blight/Corn_Northern_Leaf_Blight_0217.jpg,Northern_Leaf_Blight,2,train
/content/drive/MyDrive/Plant Disease Detection (Computer Vision)/1st Raw_Data/Corn/Final_Combined/Northern_Leaf_Blight/Corn_Northern_Leaf_Blight_0087.jpg,Northern_Leaf_Blight,2,train
/content/drive/MyDrive/Plant Disease Detection (Computer Vision)/1st Raw_Data/Corn/Final_Combined/Northern_Leaf_Blight/Corn_Northern_Leaf_Blight_0346.jpg,Northern_Leaf_Blight,2,train
/content/drive/MyDrive/Plant Disease Detection (Computer Vision)/1st Raw_Data/Corn/Final_Combined/Northern_Leaf_Blight/Corn_Northern_Leaf_Blight_0118.jpg,Northern_Leaf_Blight,2,train
/content/drive/MyDrive/Plant Disease Detection (Computer Vision)/1st Raw_Data/Corn/Final_Combined/Healthy/Corn_Healthy_0183.jpg,Healthy,0,train
/content/drive/MyDrive/Plant Disease Detection (Computer Vision)/1st Raw_Data/Corn/Final_Combined/Healthy/Corn_Healthy_0514.jpg,Healthy,0,train
/content/drive/MyDrive/Plant Disease Detection (Computer Vision)/1st Raw_Data/Corn/Final_Combined/Common_Rust/Corn_Common_Rust_0598.jpg,Common_Rust,1,train
/content/drive/MyDrive/Plant Disease Detection (Computer Vision)/1st Raw_Data/Corn/Final_Combined/Northern_Leaf_Blight/Corn_Northern_Leaf_Blight_0555.jpg,Northern_Leaf_Blight,2,train
/content/drive/MyDrive/Plant Disease Detection (Computer Vision)/1st Raw_Data/Corn/Final_Combined/Northern_Leaf_Blight/Corn_Northern_Leaf_Blight_0073.jpg,Northern_Leaf_Blight,2,train
/content/drive/MyDrive/Plant Disease Detection (Computer Vision)/1st Raw_Data/Corn/Final_Combined/Common_Rust/Corn_Common_Rust_0141.jpg,Common_Rust,1,train
/content/drive/MyDrive/Plant Disease Detection (Computer Vision)/1st Raw_Data/Corn/Final_Combined/Common_Rust/Corn_Common_Rust_0583.jpg,Common_Rust,1,train
/content/drive/MyDrive/Plant Disease Detection (Computer Vision)/1st Raw_Data/Corn/Final_Combined/Northern_Leaf_Blight/Corn_Northern_Leaf_Blight_0075.jpg,Northern_Leaf_Blight,2,train
/content/drive/MyDrive/Plant Disease Detection (Computer Vision)/1st Raw_Data/Corn/Final_Combined/Common_Rust/Corn_Common_Rust_0166.jpg,Common_Rust,1,train
/content/drive/MyDrive/Plant Disease Detection (Computer Vision)/1st Raw_Data/Corn/Final_Combined/Northern_Leaf_Blight/Corn_Northern_Leaf_Blight_0060.jpg,Northern_Leaf_Blight,2,train
/content/drive/MyDrive/Plant Disease Detection (Computer Vision)/1st Raw_Data/Corn/Final_Combined/Healthy/Corn_Healthy_0135.jpg,Healthy,0,train
/content/drive/MyDrive/Plant Disease Detection (Computer Vision)/1st Raw_Data/Corn/Final_Combined/Common_Rust/Corn_Common_Rust_0009.jpg,Common_Rust,1,train
/content/drive/MyDrive/Plant Disease Detection (Computer Vision)/1st Raw_Data/Corn/Final_Combined/Healthy/Corn_Healthy_0359.jpg,Healthy,0,train
/content/drive/MyDrive/Plant Disease Detection (Computer Vision)/1st Raw_Data/Corn/Final_Combined/Northern_Leaf_Blight/Corn_Northern_Leaf_Blight_0351.jpg,Northern_Leaf_Blight,2,train
/content/drive/MyDrive/Plant Disease Detection (Computer Vision)/1st Raw_Data/Corn/Final_Combined/Healthy/Corn_Healthy_0543.jpg,Healthy,0,train
/content/drive/MyDrive/Plant Disease Detection (Computer Vision)/1st Raw_Data/Corn/Final_Combined/Healthy/Corn_Healthy_0567.jpg,Healthy,0,train
/content/drive/MyDrive/Plant Disease Detection (Computer Vision)/1st Raw_Data/Corn/Final_Combined/Healthy/Corn_Healthy_0097.jpg,Healthy,0,train
/content/drive/MyDrive/Plant Disease Detection (Computer Vision)/1st Raw_Data/Corn/Final_Combined/Common_Rust/Corn_Common_Rust_0312.jpg,Common_Rust,1,train
/content/drive/MyDrive/Plant Disease Detection (Computer Vision)/1st Raw_Data/Corn/Final_Combined/Common_Rust/Corn_Common_Rust_0407.jpg,Common_Rust,1,train
/content/drive/MyDrive/Plant Disease Detection (Computer Vision)/1st Raw_Data/Corn/Final_Combined/Common_Rust/Corn_Common_Rust_0244.jpg,Common_Rust,1,train
/content/drive/MyDrive/Plant Disease Detection (Computer Vision)/1st Raw_Data/Corn/Final_Combined/Common_Rust/Corn_Common_Rust_0529.jpg,Common_Rust,1,train
/content/drive/MyDrive/Plant Disease Detection (Computer Vision)/1st Raw_Data/Corn/Final_Combined/Common_Rust/Corn_Common_Rust_0345.jpg,Common_Rust,1,train
/content/drive/MyDrive/Plant Disease Detection (Computer Vision)/1st Raw_Data/Corn/Final_Combined/Northern_Leaf_Blight/Corn_Northern_Leaf_Blight_0438.jpg,Northern_Leaf_Blight,2,train
/content/drive/MyDrive/Plant Disease Detection (Computer Vision)/1st Raw_Data/Corn/Final_Combined/Northern_Leaf_Blight/Corn_Northern_Leaf_Blight_0572.jpg,Northern_Leaf_Blight,2,train
/content/drive/MyDrive/Plant Disease Detection (Computer Vision)/1st Raw_Data/Corn/Final_Combined/Northern_Leaf_Blight/Corn_Northern_Leaf_Blight_0446.jpg,Northern_Leaf_Blight,2,train
/content/drive/MyDrive/Plant Disease Detection (Computer Vision)/1st Raw_Data/Corn/Final_Combined/Healthy/Corn_Healthy_0161.jpg,Healthy,0,train
/content/drive/MyDrive/Plant Disease Detection (Computer Vision)/1st Raw_Data/Corn/Final_Combined/Northern_Leaf_Blight/Corn_Northern_Leaf_Blight_0052.jpg,Northern_Leaf_Blight,2,train
/content/drive/MyDrive/Plant Disease Detection (Computer Vision)/1st Raw_Data/Corn/Final_Combined/Common_Rust/Corn_Common_Rust_0433.jpg,Common_Rust,1,train
/content/drive/MyDrive/Plant Disease Detection (Computer Vision)/1st Raw_Data/Corn/Final_Combined/Northern_Leaf_Blight/Corn_Northern_Leaf_Blight_0149.jpg,Northern_Leaf_Blight,2,train
/content/drive/MyDrive/Plant Disease Detection (Computer Vision)/1st Raw_Data/Corn/Final_Combined/Northern_Leaf_Blight/Corn_Northern_Leaf_Blight_0044.jpg,Northern_Leaf_Blight,2,train
/content/drive/MyDrive/Plant Disease Detection (Computer Vision)/1st Raw_Data/Corn/Final_Combined/Common_Rust/Corn_Common_Rust_0044.jpg,Common_Rust,1,train
/content/drive/MyDrive/Plant Disease Detection (Computer Vision)/1st Raw_Data/Corn/Final_Combined/Common_Rust/Corn_Common_Rust_0144.jpg,Common_Rust,1,train
/content/drive/MyDrive/Plant Disease Detection (Computer Vision)/1st Raw_Data/Corn/Final_Combined/Healthy/Corn_Healthy_0487.jpg,Healthy,0,train
/content/drive/MyDrive/Plant Disease Detection (Computer Vision)/1st Raw_Data/Corn/Final_Combined/Common_Rust/Corn_Common_Rust_0391.jpg,Common_Rust,1,train
/content/drive/MyDrive/Plant Disease Detection (Computer Vision)/1st Raw_Data/Corn/Final_Combined/Common_Rust/Corn_Common_Rust_0081.jpg,Common_Rust,1,train
/content/drive/MyDrive/Plant Disease Detection (Computer Vision)/1st Raw_Data/Corn/Final_Combined/Northern_Leaf_Blight/Corn_Northern_Leaf_Blight_0236.jpg,Northern_Leaf_Blight,2,train
/content/drive/MyDrive/Plant Disease Detection (Computer Vision)/1st Raw_Data/Corn/Final_Combined/Healthy/Corn_Healthy_0191.jpg,Healthy,0,train
/content/drive/MyDrive/Plant Disease Detection (Computer Vision)/1st Raw_Data/Corn/Final_Combined/Northern_Leaf_Blight/Corn_Northern_Leaf_Blight_0453.jpg,Northern_Leaf_Blight,2,train
/content/drive/MyDrive/Plant Disease Detection (Computer Vision)/1st Raw_Data/Corn/Final_Combined/Common_Rust/Corn_Common_Rust_0196.jpg,Common_Rust,1,train
/content/drive/MyDrive/Plant Disease Detection (Computer Vision)/1st Raw_Data/Corn/Final_Combined/Healthy/Corn_Healthy_0525.jpg,Healthy,0,train
/content/drive/MyDrive/Plant Disease Detection (Computer Vision)/1st Raw_Data/Corn/Final_Combined/Healthy/Corn_Healthy_0300.jpg,Healthy,0,train
/content/drive/MyDrive/Plant Disease Detection (Computer Vision)/1st Raw_Data/Corn/Final_Combined/Healthy/Corn_Healthy_0002.jpg,Healthy,0,train
/content/drive/MyDrive/Plant Disease Detection (Computer Vision)/1st Raw_Data/Corn/Final_Combined/Common_Rust/Corn_Common_Rust_0463.jpg,Common_Rust,1,train
/content/drive/MyDrive/Plant Disease Detection (Computer Vision)/1st Raw_Data/Corn/Final_Combined/Northern_Leaf_Blight/Corn_Northern_Leaf_Blight_0341.jpg,Northern_Leaf_Blight,2,train
/content/drive/MyDrive/Plant Disease Detection (Computer Vision)/1st Raw_Data/Corn/Final_Combined/Northern_Leaf_Blight/Corn_Northern_Leaf_Blight_0083.jpg,Northern_Leaf_Blight,2,train
/content/drive/MyDrive/Plant Disease Detection (Computer Vision)/1st Raw_Data/Corn/Final_Combined/Healthy/Corn_Healthy_0253.jpg,Healthy,0,train
/content/drive/MyDrive/Plant Disease Detection (Computer Vision)/1st Raw_Data/Corn/Final_Combined/Northern_Leaf_Blight/Corn_Northern_Leaf_Blight_0379.jpg,Northern_Leaf_Blight,2,train
/content/drive/MyDrive/Plant Disease Detection (Computer Vision)/1st Raw_Data/Corn/Final_Combined/Northern_Leaf_Blight/Corn_Northern_Leaf_Blight_0563.jpg,Northern_Leaf_Blight,2,train
/content/drive/MyDrive/Plant Disease Detection (Computer Vision)/1st Raw_Data/Corn/Final_Combined/Common_Rust/Corn_Common_Rust_0184.jpg,Common_Rust,1,train
/content/drive/MyDrive/Plant Disease Detection (Computer Vision)/1st Raw_Data/Corn/Final_Combined/Common_Rust/Corn_Common_Rust_0374.jpg,Common_Rust,1,train
/content/drive/MyDrive/Plant Disease Detection (Computer Vision)/1st Raw_Data/Corn/Final_Combined/Healthy/Corn_Healthy_0333.jpg,Healthy,0,train
/content/drive/MyDrive/Plant Disease Detection (Computer Vision)/1st Raw_Data/Corn/Final_Combined/Northern_Leaf_Blight/Corn_Northern_Leaf_Blight_0479.jpg,Northern_Leaf_Blight,2,train
/content/drive/MyDrive/Plant Disease Detection (Computer Vision)/1st Raw_Data/Corn/Final_Combined/Northern_Leaf_Blight/Corn_Northern_Leaf_Blight_0586.jpg,Northern_Leaf_Blight,2,train
/content/drive/MyDrive/Plant Disease Detection (Computer Vision)/1st Raw_Data/Corn/Final_Combined/Healthy/Corn_Healthy_0485.jpg,Healthy,0,train
/content/drive/MyDrive/Plant Disease Detection (Computer Vision)/1st Raw_Data/Corn/Final_Combined/Healthy/Corn_Healthy_0297.jpg,Healthy,0,train
/content/drive/MyDrive/Plant Disease Detection (Computer Vision)/1st Raw_Data/Corn/Final_Combined/Healthy/Corn_Healthy_0080.jpg,Healthy,0,train
/content/drive/MyDrive/Plant Disease Detection (Computer Vision)/1st Raw_Data/Corn/Final_Combined/Northern_Leaf_Blight/Corn_Northern_Leaf_Blight_0541.jpg,Northern_Leaf_Blight,2,train
/content/drive/MyDrive/Plant Disease Detection (Computer Vision)/1st Raw_Data/Corn/Final_Combined/Common_Rust/Corn_Common_Rust_0039.jpg,Common_Rust,1,train
/content/drive/MyDrive/Plant Disease Detection (Computer Vision)/1st Raw_Data/Corn/Final_Combined/Healthy/Corn_Healthy_0420.jpg,Healthy,0,train
/content/drive/MyDrive/Plant Disease Detection (Computer Vision)/1st Raw_Data/Corn/Final_Combined/Northern_Leaf_Blight/Corn_Northern_Leaf_Blight_0469.jpg,Northern_Leaf_Blight,2,train
/content/drive/MyDrive/Plant Disease Detection (Computer Vision)/1st Raw_Data/Corn/Final_Combined/Common_Rust/Corn_Common_Rust_0124.jpg,Common_Rust,1,train
/content/drive/MyDrive/Plant Disease Detection (Computer Vision)/1st Raw_Data/Corn/Final_Combined/Northern_Leaf_Blight/Corn_Northern_Leaf_Blight_0473.jpg,Northern_Leaf_Blight,2,train
/content/drive/MyDrive/Plant Disease Detection (Computer Vision)/1st Raw_Data/Corn/Final_Combined/Common_Rust/Corn_Common_Rust_0286.jpg,Common_Rust,1,train
/content/drive/MyDrive/Plant Disease Detection (Computer Vision)/1st Raw_Data/Corn/Final_Combined/Northern_Leaf_Blight/Corn_Northern_Leaf_Blight_0513.jpg,Northern_Leaf_Blight,2,train
/content/drive/MyDrive/Plant Disease Detection (Computer Vision)/1st Raw_Data/Corn/Final_Combined/Common_Rust/Corn_Common_Rust_0182.jpg,Common_Rust,1,train
/content/drive/MyDrive/Plant Disease Detection (Computer Vision)/1st Raw_Data/Corn/Final_Combined/Healthy/Corn_Healthy_0423.jpg,Healthy,0,train
/content/drive/MyDrive/Plant Disease Detection (Computer Vision)/1st Raw_Data/Corn/Final_Combined/Common_Rust/Corn_Common_Rust_0364.jpg,Common_Rust,1,train
/content/drive/MyDrive/Plant Disease Detection (Computer Vision)/1st Raw_Data/Corn/Final_Combined/Common_Rust/Corn_Common_Rust_0543.jpg,Common_Rust,1,train
/content/drive/MyDrive/Plant Disease Detection (Computer Vision)/1st Raw_Data/Corn/Final_Combined/Common_Rust/Corn_Common_Rust_0564.jpg,Common_Rust,1,train
/content/drive/MyDrive/Plant Disease Detection (Computer Vision)/1st Raw_Data/Corn/Final_Combined/Healthy/Corn_Healthy_0052.jpg,Healthy,0,train
/content/drive/MyDrive/Plant Disease Detection (Computer Vision)/1st Raw_Data/Corn/Final_Combined/Northern_Leaf_Blight/Corn_Northern_Leaf_Blight_0461.jpg,Northern_Leaf_Blight,2,train
/content/drive/MyDrive/Plant Disease Detection (Computer Vision)/1st Raw_Data/Corn/Final_Combined/Healthy/Corn_Healthy_0483.jpg,Healthy,0,train
/content/drive/MyDrive/Plant Disease Detection (Computer Vision)/1st Raw_Data/Corn/Final_Combined/Healthy/Corn_Healthy_0173.jpg,Healthy,0,train
/content/drive/MyDrive/Plant Disease Detection (Computer Vision)/1st Raw_Data/Corn/Final_Combined/Healthy/Corn_Healthy_0041.jpg,Healthy,0,train
/content/drive/MyDrive/Plant Disease Detection (Computer Vision)/1st Raw_Data/Corn/Final_Combined/Common_Rust/Corn_Common_Rust_0257.jpg,Common_Rust,1,train
/content/drive/MyDrive/Plant Disease Detection (Computer Vision)/1st Raw_Data/Corn/Final_Combined/Northern_Leaf_Blight/Corn_Northern_Leaf_Blight_0595.jpg,Northern_Leaf_Blight,2,train
/content/drive/MyDrive/Plant Disease Detection (Computer Vision)/1st Raw_Data/Corn/Final_Combined/Common_Rust/Corn_Common_Rust_0489.jpg,Common_Rust,1,train
/content/drive/MyDrive/Plant Disease Detection (Computer Vision)/1st Raw_Data/Corn/Final_Combined/Healthy/Corn_Healthy_0053.jpg,Healthy,0,train
/content/drive/MyDrive/Plant Disease Detection (Computer Vision)/1st Raw_Data/Corn/Final_Combined/Common_Rust/Corn_Common_Rust_0353.jpg,Common_Rust,1,train
/content/drive/MyDrive/Plant Disease Detection (Computer Vision)/1st Raw_Data/Corn/Final_Combined/Healthy/Corn_Healthy_0494.jpg,Healthy,0,train
/content/drive/MyDrive/Plant Disease Detection (Computer Vision)/1st Raw_Data/Corn/Final_Combined/Common_Rust/Corn_Common_Rust_0418.jpg,Common_Rust,1,train
/content/drive/MyDrive/Plant Disease Detection (Computer Vision)/1st Raw_Data/Corn/Final_Combined/Common_Rust/Corn_Common_Rust_0347.jpg,Common_Rust,1,train
/content/drive/MyDrive/Plant Disease Detection (Computer Vision)/1st Raw_Data/Corn/Final_Combined/Northern_Leaf_Blight/Corn_Northern_Leaf_Blight_0339.jpg,Northern_Leaf_Blight,2,train
/content/drive/MyDrive/Plant Disease Detection (Computer Vision)/1st Raw_Data/Corn/Final_Combined/Healthy/Corn_Healthy_0147.jpg,Healthy,0,train
/content/drive/MyDrive/Plant Disease Detection (Computer Vision)/1st Raw_Data/Corn/Final_Combined/Common_Rust/Corn_Common_Rust_0048.jpg,Common_Rust,1,train
/content/drive/MyDrive/Plant Disease Detection (Computer Vision)/1st Raw_Data/Corn/Final_Combined/Common_Rust/Corn_Common_Rust_0045.jpg,Common_Rust,1,train
/content/drive/MyDrive/Plant Disease Detection (Computer Vision)/1st Raw_Data/Corn/Final_Combined/Healthy/Corn_Healthy_0356.jpg,Healthy,0,train
/content/drive/MyDrive/Plant Disease Detection (Computer Vision)/1st Raw_Data/Corn/Final_Combined/Northern_Leaf_Blight/Corn_Northern_Leaf_Blight_0398.jpg,Northern_Leaf_Blight,2,train
/content/drive/MyDrive/Plant Disease Detection (Computer Vision)/1st Raw_Data/Corn/Final_Combined/Healthy/Corn_Healthy_0331.jpg,Healthy,0,train
/content/drive/MyDrive/Plant Disease Detection (Computer Vision)/1st Raw_Data/Corn/Final_Combined/Common_Rust/Corn_Common_Rust_0082.jpg,Common_Rust,1,train
/content/drive/MyDrive/Plant Disease Detection (Computer Vision)/1st Raw_Data/Corn/Final_Combined/Healthy/Corn_Healthy_0354.jpg,Healthy,0,train
/content/drive/MyDrive/Plant Disease Detection (Computer Vision)/1st Raw_Data/Corn/Final_Combined/Common_Rust/Corn_Common_Rust_0471.jpg,Common_Rust,1,train
/content/drive/MyDrive/Plant Disease Detection (Computer Vision)/1st Raw_Data/Corn/Final_Combined/Healthy/Corn_Healthy_0438.jpg,Healthy,0,train
/content/drive/MyDrive/Plant Disease Detection (Computer Vision)/1st Raw_Data/Corn/Final_Combined/Common_Rust/Corn_Common_Rust_0229.jpg,Common_Rust,1,train
/content/drive/MyDrive/Plant Disease Detection (Computer Vision)/1st Raw_Data/Corn/Final_Combined/Healthy/Corn_Healthy_0162.jpg,Healthy,0,train
/content/drive/MyDrive/Plant Disease Detection (Computer Vision)/1st Raw_Data/Corn/Final_Combined/Northern_Leaf_Blight/Corn_Northern_Leaf_Blight_0489.jpg,Northern_Leaf_Blight,2,train
/content/drive/MyDrive/Plant Disease Detection (Computer Vision)/1st Raw_Data/Corn/Final_Combined/Healthy/Corn_Healthy_0117.jpg,Healthy,0,train
/content/drive/MyDrive/Plant Disease Detection (Computer Vision)/1st Raw_Data/Corn/Final_Combined/Common_Rust/Corn_Common_Rust_0513.jpg,Common_Rust,1,train
/content/drive/MyDrive/Plant Disease Detection (Computer Vision)/1st Raw_Data/Corn/Final_Combined/Common_Rust/Corn_Common_Rust_0290.jpg,Common_Rust,1,train
/content/drive/MyDrive/Plant Disease Detection (Computer Vision)/1st Raw_Data/Corn/Final_Combined/Northern_Leaf_Blight/Corn_Northern_Leaf_Blight_0576.jpg,Northern_Leaf_Blight,2,train
/content/drive/MyDrive/Plant Disease Detection (Computer Vision)/1st Raw_Data/Corn/Final_Combined/Common_Rust/Corn_Common_Rust_0511.jpg,Common_Rust,1,train
/content/drive/MyDrive/Plant Disease Detection (Computer Vision)/1st Raw_Data/Corn/Final_Combined/Healthy/Corn_Healthy_0462.jpg,Healthy,0,train
/content/drive/MyDrive/Plant Disease Detection (Computer Vision)/1st Raw_Data/Corn/Final_Combined/Northern_Leaf_Blight/Corn_Northern_Leaf_Blight_0151.jpg,Northern_Leaf_Blight,2,train
/content/drive/MyDrive/Plant Disease Detection (Computer Vision)/1st Raw_Data/Corn/Final_Combined/Common_Rust/Corn_Common_Rust_0108.jpg,Common_Rust,1,train
/content/drive/MyDrive/Plant Disease Detection (Computer Vision)/1st Raw_Data/Corn/Final_Combined/Northern_Leaf_Blight/Corn_Northern_Leaf_Blight_0066.jpg,Northern_Leaf_Blight,2,train
/content/drive/MyDrive/Plant Disease Detection (Computer Vision)/1st Raw_Data/Corn/Final_Combined/Healthy/Corn_Healthy_0552.jpg,Healthy,0,train
/content/drive/MyDrive/Plant Disease Detection (Computer Vision)/1st Raw_Data/Corn/Final_Combined/Healthy/Corn_Healthy_0475.jpg,Healthy,0,train
/content/drive/MyDrive/Plant Disease Detection (Computer Vision)/1st Raw_Data/Corn/Final_Combined/Northern_Leaf_Blight/Corn_Northern_Leaf_Blight_0172.jpg,Northern_Leaf_Blight,2,train
/content/drive/MyDrive/Plant Disease Detection (Computer Vision)/1st Raw_Data/Corn/Final_Combined/Healthy/Corn_Healthy_0134.jpg,Healthy,0,train
/content/drive/MyDrive/Plant Disease Detection (Computer Vision)/1st Raw_Data/Corn/Final_Combined/Common_Rust/Corn_Common_Rust_0531.jpg,Common_Rust,1,train
/content/drive/MyDrive/Plant Disease Detection (Computer Vision)/1st Raw_Data/Corn/Final_Combined/Common_Rust/Corn_Common_Rust_0058.jpg,Common_Rust,1,train
/content/drive/MyDrive/Plant Disease Detection (Computer Vision)/1st Raw_Data/Corn/Final_Combined/Healthy/Corn_Healthy_0307.jpg,Healthy,0,train
/content/drive/MyDrive/Plant Disease Detection (Computer Vision)/1st Raw_Data/Corn/Final_Combined/Northern_Leaf_Blight/Corn_Northern_Leaf_Blight_0528.jpg,Northern_Leaf_Blight,2,train
/content/drive/MyDrive/Plant Disease Detection (Computer Vision)/1st Raw_Data/Corn/Final_Combined/Northern_Leaf_Blight/Corn_Northern_Leaf_Blight_0532.jpg,Northern_Leaf_Blight,2,train
/content/drive/MyDrive/Plant Disease Detection (Computer Vision)/1st Raw_Data/Corn/Final_Combined/Healthy/Corn_Healthy_0457.jpg,Healthy,0,train
/content/drive/MyDrive/Plant Disease Detection (Computer Vision)/1st Raw_Data/Corn/Final_Combined/Common_Rust/Corn_Common_Rust_0498.jpg,Common_Rust,1,train
/content/drive/MyDrive/Plant Disease Detection (Computer Vision)/1st Raw_Data/Corn/Final_Combined/Healthy/Corn_Healthy_0442.jpg,Healthy,0,train
/content/drive/MyDrive/Plant Disease Detection (Computer Vision)/1st Raw_Data/Corn/Final_Combined/Northern_Leaf_Blight/Corn_Northern_Leaf_Blight_0286.jpg,Northern_Leaf_Blight,2,train
/content/drive/MyDrive/Plant Disease Detection (Computer Vision)/1st Raw_Data/Corn/Final_Combined/Common_Rust/Corn_Common_Rust_0421.jpg,Common_Rust,1,train
/content/drive/MyDrive/Plant Disease Detection (Computer Vision)/1st Raw_Data/Corn/Final_Combined/Northern_Leaf_Blight/Corn_Northern_Leaf_Blight_0312.jpg,Northern_Leaf_Blight,2,train
/content/drive/MyDrive/Plant Disease Detection (Computer Vision)/1st Raw_Data/Corn/Final_Combined/Common_Rust/Corn_Common_Rust_0438.jpg,Common_Rust,1,train
/content/drive/MyDrive/Plant Disease Detection (Computer Vision)/1st Raw_Data/Corn/Final_Combined/Northern_Leaf_Blight/Corn_Northern_Leaf_Blight_0290.jpg,Northern_Leaf_Blight,2,train
/content/drive/MyDrive/Plant Disease Detection (Computer Vision)/1st Raw_Data/Corn/Final_Combined/Healthy/Corn_Healthy_0568.jpg,Healthy,0,train
/content/drive/MyDrive/Plant Disease Detection (Computer Vision)/1st Raw_Data/Corn/Final_Combined/Healthy/Corn_Healthy_0228.jpg,Healthy,0,train
/content/drive/MyDrive/Plant Disease Detection (Computer Vision)/1st Raw_Data/Corn/Final_Combined/Common_Rust/Corn_Common_Rust_0080.jpg,Common_Rust,1,train
/content/drive/MyDrive/Plant Disease Detection (Computer Vision)/1st Raw_Data/Corn/Final_Combined/Northern_Leaf_Blight/Corn_Northern_Leaf_Blight_0015.jpg,Northern_Leaf_Blight,2,train
/content/drive/MyDrive/Plant Disease Detection (Computer Vision)/1st Raw_Data/Corn/Final_Combined/Healthy/Corn_Healthy_0397.jpg,Healthy,0,train
/content/drive/MyDrive/Plant Disease Detection (Computer Vision)/1st Raw_Data/Corn/Final_Combined/Northern_Leaf_Blight/Corn_Northern_Leaf_Blight_0309.jpg,Northern_Leaf_Blight,2,train
/content/drive/MyDrive/Plant Disease Detection (Computer Vision)/1st Raw_Data/Corn/Final_Combined/Healthy/Corn_Healthy_0344.jpg,Healthy,0,train
/content/drive/MyDrive/Plant Disease Detection (Computer Vision)/1st Raw_Data/Corn/Final_Combined/Northern_Leaf_Blight/Corn_Northern_Leaf_Blight_0195.jpg,Northern_Leaf_Blight,2,train
/content/drive/MyDrive/Plant Disease Detection (Computer Vision)/1st Raw_Data/Corn/Final_Combined/Common_Rust/Corn_Common_Rust_0079.jpg,Common_Rust,1,train
/content/drive/MyDrive/Plant Disease Detection (Computer Vision)/1st Raw_Data/Corn/Final_Combined/Healthy/Corn_Healthy_0364.jpg,Healthy,0,train
/content/drive/MyDrive/Plant Disease Detection (Computer Vision)/1st Raw_Data/Corn/Final_Combined/Common_Rust/Corn_Common_Rust_0454.jpg,Common_Rust,1,train
/content/drive/MyDrive/Plant Disease Detection (Computer Vision)/1st Raw_Data/Corn/Final_Combined/Healthy/Corn_Healthy_0491.jpg,Healthy,0,train
/content/drive/MyDrive/Plant Disease Detection (Computer Vision)/1st Raw_Data/Corn/Final_Combined/Common_Rust/Corn_Common_Rust_0215.jpg,Common_Rust,1,train
/content/drive/MyDrive/Plant Disease Detection (Computer Vision)/1st Raw_Data/Corn/Final_Combined/Common_Rust/Corn_Common_Rust_0054.jpg,Common_Rust,1,train
/content/drive/MyDrive/Plant Disease Detection (Computer Vision)/1st Raw_Data/Corn/Final_Combined/Healthy/Corn_Healthy_0110.jpg,Healthy,0,train
/content/drive/MyDrive/Plant Disease Detection (Computer Vision)/1st Raw_Data/Corn/Final_Combined/Common_Rust/Corn_Common_Rust_0473.jpg,Common_Rust,1,train
/content/drive/MyDrive/Plant Disease Detection (Computer Vision)/1st Raw_Data/Corn/Final_Combined/Healthy/Corn_Healthy_0411.jpg,Healthy,0,train
/content/drive/MyDrive/Plant Disease Detection (Computer Vision)/1st Raw_Data/Corn/Final_Combined/Northern_Leaf_Blight/Corn_Northern_Leaf_Blight_0063.jpg,Northern_Leaf_Blight,2,train
/content/drive/MyDrive/Plant Disease Detection (Computer Vision)/1st Raw_Data/Corn/Final_Combined/Healthy/Corn_Healthy_0037.jpg,Healthy,0,train
/content/drive/MyDrive/Plant Disease Detection (Computer Vision)/1st Raw_Data/Corn/Final_Combined/Northern_Leaf_Blight/Corn_Northern_Leaf_Blight_0134.jpg,Northern_Leaf_Blight,2,train
/content/drive/MyDrive/Plant Disease Detection (Computer Vision)/1st Raw_Data/Corn/Final_Combined/Northern_Leaf_Blight/Corn_Northern_Leaf_Blight_0494.jpg,Northern_Leaf_Blight,2,train
/content/drive/MyDrive/Plant Disease Detection (Computer Vision)/1st Raw_Data/Corn/Final_Combined/Healthy/Corn_Healthy_0561.jpg,Healthy,0,train
/content/drive/MyDrive/Plant Disease Detection (Computer Vision)/1st Raw_Data/Corn/Final_Combined/Northern_Leaf_Blight/Corn_Northern_Leaf_Blight_0036.jpg,Northern_Leaf_Blight,2,train
/content/drive/MyDrive/Plant Disease Detection (Computer Vision)/1st Raw_Data/Corn/Final_Combined/Healthy/Corn_Healthy_0412.jpg,Healthy,0,train
/content/drive/MyDrive/Plant Disease Detection (Computer Vision)/1st Raw_Data/Corn/Final_Combined/Healthy/Corn_Healthy_0265.jpg,Healthy,0,train
/content/drive/MyDrive/Plant Disease Detection (Computer Vision)/1st Raw_Data/Corn/Final_Combined/Common_Rust/Corn_Common_Rust_0500.jpg,Common_Rust,1,train
/content/drive/MyDrive/Plant Disease Detection (Computer Vision)/1st Raw_Data/Corn/Final_Combined/Healthy/Corn_Healthy_0283.jpg,Healthy,0,train
/content/drive/MyDrive/Plant Disease Detection (Computer Vision)/1st Raw_Data/Corn/Final_Combined/Northern_Leaf_Blight/Corn_Northern_Leaf_Blight_0566.jpg,Northern_Leaf_Blight,2,train
/content/drive/MyDrive/Plant Disease Detection (Computer Vision)/1st Raw_Data/Corn/Final_Combined/Healthy/Corn_Healthy_0163.jpg,Healthy,0,train
/content/drive/MyDrive/Plant Disease Detection (Computer Vision)/1st Raw_Data/Corn/Final_Combined/Healthy/Corn_Healthy_0176.jpg,Healthy,0,train
/content/drive/MyDrive/Plant Disease Detection (Computer Vision)/1st Raw_Data/Corn/Final_Combined/Healthy/Corn_Healthy_0157.jpg,Healthy,0,train
/content/drive/MyDrive/Plant Disease Detection (Computer Vision)/1st Raw_Data/Corn/Final_Combined/Northern_Leaf_Blight/Corn_Northern_Leaf_Blight_0471.jpg,Northern_Leaf_Blight,2,train
/content/drive/MyDrive/Plant Disease Detection (Computer Vision)/1st Raw_Data/Corn/Final_Combined/Common_Rust/Corn_Common_Rust_0412.jpg,Common_Rust,1,train
/content/drive/MyDrive/Plant Disease Detection (Computer Vision)/1st Raw_Data/Corn/Final_Combined/Northern_Leaf_Blight/Corn_Northern_Leaf_Blight_0578.jpg,Northern_Leaf_Blight,2,train
/content/drive/MyDrive/Plant Disease Detection (Computer Vision)/1st Raw_Data/Corn/Final_Combined/Healthy/Corn_Healthy_0390.jpg,Healthy,0,train
/content/drive/MyDrive/Plant Disease Detection (Computer Vision)/1st Raw_Data/Corn/Final_Combined/Healthy/Corn_Healthy_0251.jpg,Healthy,0,train
/content/drive/MyDrive/Plant Disease Detection (Computer Vision)/1st Raw_Data/Corn/Final_Combined/Healthy/Corn_Healthy_0538.jpg,Healthy,0,train
/content/drive/MyDrive/Plant Disease Detection (Computer Vision)/1st Raw_Data/Corn/Final_Combined/Healthy/Corn_Healthy_0146.jpg,Healthy,0,train
/content/drive/MyDrive/Plant Disease Detection (Computer Vision)/1st Raw_Data/Corn/Final_Combined/Northern_Leaf_Blight/Corn_Northern_Leaf_Blight_0260.jpg,Northern_Leaf_Blight,2,train
/content/drive/MyDrive/Plant Disease Detection (Computer Vision)/1st Raw_Data/Corn/Final_Combined/Northern_Leaf_Blight/Corn_Northern_Leaf_Blight_0510.jpg,Northern_Leaf_Blight,2,train
/content/drive/MyDrive/Plant Disease Detection (Computer Vision)/1st Raw_Data/Corn/Final_Combined/Northern_Leaf_Blight/Corn_Northern_Leaf_Blight_0577.jpg,Northern_Leaf_Blight,2,train
/content/drive/MyDrive/Plant Disease Detection (Computer Vision)/1st Raw_Data/Corn/Final_Combined/Common_Rust/Corn_Common_Rust_0392.jpg,Common_Rust,1,train
/content/drive/MyDrive/Plant Disease Detection (Computer Vision)/1st Raw_Data/Corn/Final_Combined/Healthy/Corn_Healthy_0409.jpg,Healthy,0,train
/content/drive/MyDrive/Plant Disease Detection (Computer Vision)/1st Raw_Data/Corn/Final_Combined/Northern_Leaf_Blight/Corn_Northern_Leaf_Blight_0319.jpg,Northern_Leaf_Blight,2,train
/content/drive/MyDrive/Plant Disease Detection (Computer Vision)/1st Raw_Data/Corn/Final_Combined/Northern_Leaf_Blight/Corn_Northern_Leaf_Blight_0045.jpg,Northern_Leaf_Blight,2,train
/content/drive/MyDrive/Plant Disease Detection (Computer Vision)/1st Raw_Data/Corn/Final_Combined/Healthy/Corn_Healthy_0277.jpg,Healthy,0,train
/content/drive/MyDrive/Plant Disease Detection (Computer Vision)/1st Raw_Data/Corn/Final_Combined/Common_Rust/Corn_Common_Rust_0465.jpg,Common_Rust,1,train
/content/drive/MyDrive/Plant Disease Detection (Computer Vision)/1st Raw_Data/Corn/Final_Combined/Northern_Leaf_Blight/Corn_Northern_Leaf_Blight_0499.jpg,Northern_Leaf_Blight,2,train
/content/drive/MyDrive/Plant Disease Detection (Computer Vision)/1st Raw_Data/Corn/Final_Combined/Northern_Leaf_Blight/Corn_Northern_Leaf_Blight_0361.jpg,Northern_Leaf_Blight,2,train
/content/drive/MyDrive/Plant Disease Detection (Computer Vision)/1st Raw_Data/Corn/Final_Combined/Common_Rust/Corn_Common_Rust_0562.jpg,Common_Rust,1,train
/content/drive/MyDrive/Plant Disease Detection (Computer Vision)/1st Raw_Data/Corn/Final_Combined/Common_Rust/Corn_Common_Rust_0097.jpg,Common_Rust,1,train
/content/drive/MyDrive/Plant Disease Detection (Computer Vision)/1st Raw_Data/Corn/Final_Combined/Common_Rust/Corn_Common_Rust_0076.jpg,Common_Rust,1,train
/content/drive/MyDrive/Plant Disease Detection (Computer Vision)/1st Raw_Data/Corn/Final_Combined/Northern_Leaf_Blight/Corn_Northern_Leaf_Blight_0014.jpg,Northern_Leaf_Blight,2,train
/content/drive/MyDrive/Plant Disease Detection (Computer Vision)/1st Raw_Data/Corn/Final_Combined/Common_Rust/Corn_Common_Rust_0519.jpg,Common_Rust,1,train
/content/drive/MyDrive/Plant Disease Detection (Computer Vision)/1st Raw_Data/Corn/Final_Combined/Common_Rust/Corn_Common_Rust_0455.jpg,Common_Rust,1,train
/content/drive/MyDrive/Plant Disease Detection (Computer Vision)/1st Raw_Data/Corn/Final_Combined/Northern_Leaf_Blight/Corn_Northern_Leaf_Blight_0308.jpg,Northern_Leaf_Blight,2,train
/content/drive/MyDrive/Plant Disease Detection (Computer Vision)/1st Raw_Data/Corn/Final_Combined/Northern_Leaf_Blight/Corn_Northern_Leaf_Blight_0564.jpg,Northern_Leaf_Blight,2,train
/content/drive/MyDrive/Plant Disease Detection (Computer Vision)/1st Raw_Data/Corn/Final_Combined/Northern_Leaf_Blight/Corn_Northern_Leaf_Blight_0331.jpg,Northern_Leaf_Blight,2,train
/content/drive/MyDrive/Plant Disease Detection (Computer Vision)/1st Raw_Data/Corn/Final_Combined/Healthy/Corn_Healthy_0158.jpg,Healthy,0,train
/content/drive/MyDrive/Plant Disease Detection (Computer Vision)/1st Raw_Data/Corn/Final_Combined/Northern_Leaf_Blight/Corn_Northern_Leaf_Blight_0175.jpg,Northern_Leaf_Blight,2,train
/content/drive/MyDrive/Plant Disease Detection (Computer Vision)/1st Raw_Data/Corn/Final_Combined/Healthy/Corn_Healthy_0341.jpg,Healthy,0,train
/content/drive/MyDrive/Plant Disease Detection (Computer Vision)/1st Raw_Data/Corn/Final_Combined/Northern_Leaf_Blight/Corn_Northern_Leaf_Blight_0535.jpg,Northern_Leaf_Blight,2,train
/content/drive/MyDrive/Plant Disease Detection (Computer Vision)/1st Raw_Data/Corn/Final_Combined/Common_Rust/Corn_Common_Rust_0398.jpg,Common_Rust,1,train
/content/drive/MyDrive/Plant Disease Detection (Computer Vision)/1st Raw_Data/Corn/Final_Combined/Healthy/Corn_Healthy_0140.jpg,Healthy,0,train
/content/drive/MyDrive/Plant Disease Detection (Computer Vision)/1st Raw_Data/Corn/Final_Combined/Northern_Leaf_Blight/Corn_Northern_Leaf_Blight_0076.jpg,Northern_Leaf_Blight,2,train
/content/drive/MyDrive/Plant Disease Detection (Computer Vision)/1st Raw_Data/Corn/Final_Combined/Healthy/Corn_Healthy_0540.jpg,Healthy,0,train
/content/drive/MyDrive/Plant Disease Detection (Computer Vision)/1st Raw_Data/Corn/Final_Combined/Common_Rust/Corn_Common_Rust_0153.jpg,Common_Rust,1,train
/content/drive/MyDrive/Plant Disease Detection (Computer Vision)/1st Raw_Data/Corn/Final_Combined/Healthy/Corn_Healthy_0476.jpg,Healthy,0,train
/content/drive/MyDrive/Plant Disease Detection (Computer Vision)/1st Raw_Data/Corn/Final_Combined/Healthy/Corn_Healthy_0098.jpg,Healthy,0,train
/content/drive/MyDrive/Plant Disease Detection (Computer Vision)/1st Raw_Data/Corn/Final_Combined/Common_Rust/Corn_Common_Rust_0155.jpg,Common_Rust,1,train
/content/drive/MyDrive/Plant Disease Detection (Computer Vision)/1st Raw_Data/Corn/Final_Combined/Northern_Leaf_Blight/Corn_Northern_Leaf_Blight_0210.jpg,Northern_Leaf_Blight,2,train
/content/drive/MyDrive/Plant Disease Detection (Computer Vision)/1st Raw_Data/Corn/Final_Combined/Healthy/Corn_Healthy_0105.jpg,Healthy,0,train
/content/drive/MyDrive/Plant Disease Detection (Computer Vision)/1st Raw_Data/Corn/Final_Combined/Healthy/Corn_Healthy_0467.jpg,Healthy,0,train
/content/drive/MyDrive/Plant Disease Detection (Computer Vision)/1st Raw_Data/Corn/Final_Combined/Northern_Leaf_Blight/Corn_Northern_Leaf_Blight_0176.jpg,Northern_Leaf_Blight,2,train
/content/drive/MyDrive/Plant Disease Detection (Computer Vision)/1st Raw_Data/Corn/Final_Combined/Northern_Leaf_Blight/Corn_Northern_Leaf_Blight_0231.jpg,Northern_Leaf_Blight,2,train
/content/drive/MyDrive/Plant Disease Detection (Computer Vision)/1st Raw_Data/Corn/Final_Combined/Northern_Leaf_Blight/Corn_Northern_Leaf_Blight_0349.jpg,Northern_Leaf_Blight,2,train
/content/drive/MyDrive/Plant Disease Detection (Computer Vision)/1st Raw_Data/Corn/Final_Combined/Northern_Leaf_Blight/Corn_Northern_Leaf_Blight_0116.jpg,Northern_Leaf_Blight,2,train
/content/drive/MyDrive/Plant Disease Detection (Computer Vision)/1st Raw_Data/Corn/Final_Combined/Healthy/Corn_Healthy_0459.jpg,Healthy,0,train
/content/drive/MyDrive/Plant Disease Detection (Computer Vision)/1st Raw_Data/Corn/Final_Combined/Healthy/Corn_Healthy_0106.jpg,Healthy,0,train
/content/drive/MyDrive/Plant Disease Detection (Computer Vision)/1st Raw_Data/Corn/Final_Combined/Common_Rust/Corn_Common_Rust_0197.jpg,Common_Rust,1,train
/content/drive/MyDrive/Plant Disease Detection (Computer Vision)/1st Raw_Data/Corn/Final_Combined/Northern_Leaf_Blight/Corn_Northern_Leaf_Blight_0155.jpg,Northern_Leaf_Blight,2,train
/content/drive/MyDrive/Plant Disease Detection (Computer Vision)/1st Raw_Data/Corn/Final_Combined/Northern_Leaf_Blight/Corn_Northern_Leaf_Blight_0001.jpg,Northern_Leaf_Blight,2,train
/content/drive/MyDrive/Plant Disease Detection (Computer Vision)/1st Raw_Data/Corn/Final_Combined/Healthy/Corn_Healthy_0222.jpg,Healthy,0,train
/content/drive/MyDrive/Plant Disease Detection (Computer Vision)/1st Raw_Data/Corn/Final_Combined/Healthy/Corn_Healthy_0577.jpg,Healthy,0,train
/content/drive/MyDrive/Plant Disease Detection (Computer Vision)/1st Raw_Data/Corn/Final_Combined/Common_Rust/Corn_Common_Rust_0520.jpg,Common_Rust,1,train
/content/drive/MyDrive/Plant Disease Detection (Computer Vision)/1st Raw_Data/Corn/Final_Combined/Healthy/Corn_Healthy_0325.jpg,Healthy,0,train
/content/drive/MyDrive/Plant Disease Detection (Computer Vision)/1st Raw_Data/Corn/Final_Combined/Northern_Leaf_Blight/Corn_Northern_Leaf_Blight_0297.jpg,Northern_Leaf_Blight,2,train
/content/drive/MyDrive/Plant Disease Detection (Computer Vision)/1st Raw_Data/Corn/Final_Combined/Healthy/Corn_Healthy_0320.jpg,Healthy,0,train
/content/drive/MyDrive/Plant Disease Detection (Computer Vision)/1st Raw_Data/Corn/Final_Combined/Northern_Leaf_Blight/Corn_Northern_Leaf_Blight_0430.jpg,Northern_Leaf_Blight,2,train
/content/drive/MyDrive/Plant Disease Detection (Computer Vision)/1st Raw_Data/Corn/Final_Combined/Northern_Leaf_Blight/Corn_Northern_Leaf_Blight_0084.jpg,Northern_Leaf_Blight,2,train
/content/drive/MyDrive/Plant Disease Detection (Computer Vision)/1st Raw_Data/Corn/Final_Combined/Northern_Leaf_Blight/Corn_Northern_Leaf_Blight_0561.jpg,Northern_Leaf_Blight,2,train
/content/drive/MyDrive/Plant Disease Detection (Computer Vision)/1st Raw_Data/Corn/Final_Combined/Common_Rust/Corn_Common_Rust_0548.jpg,Common_Rust,1,train
/content/drive/MyDrive/Plant Disease Detection (Computer Vision)/1st Raw_Data/Corn/Final_Combined/Northern_Leaf_Blight/Corn_Northern_Leaf_Blight_0511.jpg,Northern_Leaf_Blight,2,train
/content/drive/MyDrive/Plant Disease Detection (Computer Vision)/1st Raw_Data/Corn/Final_Combined/Common_Rust/Corn_Common_Rust_0579.jpg,Common_Rust,1,train
/content/drive/MyDrive/Plant Disease Detection (Computer Vision)/1st Raw_Data/Corn/Final_Combined/Healthy/Corn_Healthy_0138.jpg,Healthy,0,train
/content/drive/MyDrive/Plant Disease Detection (Computer Vision)/1st Raw_Data/Corn/Final_Combined/Common_Rust/Corn_Common_Rust_0167.jpg,Common_Rust,1,train
/content/drive/MyDrive/Plant Disease Detection (Computer Vision)/1st Raw_Data/Corn/Final_Combined/Healthy/Corn_Healthy_0469.jpg,Healthy,0,train
/content/drive/MyDrive/Plant Disease Detection (Computer Vision)/1st Raw_Data/Corn/Final_Combined/Northern_Leaf_Blight/Corn_Northern_Leaf_Blight_0457.jpg,Northern_Leaf_Blight,2,train
/content/drive/MyDrive/Plant Disease Detection (Computer Vision)/1st Raw_Data/Corn/Final_Combined/Common_Rust/Corn_Common_Rust_0115.jpg,Common_Rust,1,train
/content/drive/MyDrive/Plant Disease Detection (Computer Vision)/1st Raw_Data/Corn/Final_Combined/Common_Rust/Corn_Common_Rust_0591.jpg,Common_Rust,1,train
/content/drive/MyDrive/Plant Disease Detection (Computer Vision)/1st Raw_Data/Corn/Final_Combined/Northern_Leaf_Blight/Corn_Northern_Leaf_Blight_0539.jpg,Northern_Leaf_Blight,2,train
/content/drive/MyDrive/Plant Disease Detection (Computer Vision)/1st Raw_Data/Corn/Final_Combined/Common_Rust/Corn_Common_Rust_0200.jpg,Common_Rust,1,train
/content/drive/MyDrive/Plant Disease Detection (Computer Vision)/1st Raw_Data/Corn/Final_Combined/Common_Rust/Corn_Common_Rust_0575.jpg,Common_Rust,1,train
/content/drive/MyDrive/Plant Disease Detection (Computer Vision)/1st Raw_Data/Corn/Final_Combined/Healthy/Corn_Healthy_0515.jpg,Healthy,0,train
/content/drive/MyDrive/Plant Disease Detection (Computer Vision)/1st Raw_Data/Corn/Final_Combined/Healthy/Corn_Healthy_0346.jpg,Healthy,0,train
/content/drive/MyDrive/Plant Disease Detection (Computer Vision)/1st Raw_Data/Corn/Final_Combined/Healthy/Corn_Healthy_0314.jpg,Healthy,0,train
/content/drive/MyDrive/Plant Disease Detection (Computer Vision)/1st Raw_Data/Corn/Final_Combined/Healthy/Corn_Healthy_0306.jpg,Healthy,0,train
/content/drive/MyDrive/Plant Disease Detection (Computer Vision)/1st Raw_Data/Corn/Final_Combined/Northern_Leaf_Blight/Corn_Northern_Leaf_Blight_0253.jpg,Northern_Leaf_Blight,2,train
/content/drive/MyDrive/Plant Disease Detection (Computer Vision)/1st Raw_Data/Corn/Final_Combined/Common_Rust/Corn_Common_Rust_0355.jpg,Common_Rust,1,train
/content/drive/MyDrive/Plant Disease Detection (Computer Vision)/1st Raw_Data/Corn/Final_Combined/Common_Rust/Corn_Common_Rust_0170.jpg,Common_Rust,1,train
/content/drive/MyDrive/Plant Disease Detection (Computer Vision)/1st Raw_Data/Corn/Final_Combined/Healthy/Corn_Healthy_0398.jpg,Healthy,0,train
/content/drive/MyDrive/Plant Disease Detection (Computer Vision)/1st Raw_Data/Corn/Final_Combined/Healthy/Corn_Healthy_0165.jpg,Healthy,0,train
/content/drive/MyDrive/Plant Disease Detection (Computer Vision)/1st Raw_Data/Corn/Final_Combined/Northern_Leaf_Blight/Corn_Northern_Leaf_Blight_0485.jpg,Northern_Leaf_Blight,2,train
/content/drive/MyDrive/Plant Disease Detection (Computer Vision)/1st Raw_Data/Corn/Final_Combined/Healthy/Corn_Healthy_0234.jpg,Healthy,0,train
/content/drive/MyDrive/Plant Disease Detection (Computer Vision)/1st Raw_Data/Corn/Final_Combined/Northern_Leaf_Blight/Corn_Northern_Leaf_Blight_0295.jpg,Northern_Leaf_Blight,2,train
/content/drive/MyDrive/Plant Disease Detection (Computer Vision)/1st Raw_Data/Corn/Final_Combined/Common_Rust/Corn_Common_Rust_0210.jpg,Common_Rust,1,train
/content/drive/MyDrive/Plant Disease Detection (Computer Vision)/1st Raw_Data/Corn/Final_Combined/Healthy/Corn_Healthy_0025.jpg,Healthy,0,train
/content/drive/MyDrive/Plant Disease Detection (Computer Vision)/1st Raw_Data/Corn/Final_Combined/Northern_Leaf_Blight/Corn_Northern_Leaf_Blight_0199.jpg,Northern_Leaf_Blight,2,train
/content/drive/MyDrive/Plant Disease Detection (Computer Vision)/1st Raw_Data/Corn/Final_Combined/Healthy/Corn_Healthy_0206.jpg,Healthy,0,train
/content/drive/MyDrive/Plant Disease Detection (Computer Vision)/1st Raw_Data/Corn/Final_Combined/Common_Rust/Corn_Common_Rust_0476.jpg,Common_Rust,1,train
/content/drive/MyDrive/Plant Disease Detection (Computer Vision)/1st Raw_Data/Corn/Final_Combined/Northern_Leaf_Blight/Corn_Northern_Leaf_Blight_0390.jpg,Northern_Leaf_Blight,2,train
/content/drive/MyDrive/Plant Disease Detection (Computer Vision)/1st Raw_Data/Corn/Final_Combined/Common_Rust/Corn_Common_Rust_0266.jpg,Common_Rust,1,train
/content/drive/MyDrive/Plant Disease Detection (Computer Vision)/1st Raw_Data/Corn/Final_Combined/Common_Rust/Corn_Common_Rust_0154.jpg,Common_Rust,1,train
/content/drive/MyDrive/Plant Disease Detection (Computer Vision)/1st Raw_Data/Corn/Final_Combined/Common_Rust/Corn_Common_Rust_0135.jpg,Common_Rust,1,train
/content/drive/MyDrive/Plant Disease Detection (Computer Vision)/1st Raw_Data/Corn/Final_Combined/Northern_Leaf_Blight/Corn_Northern_Leaf_Blight_0475.jpg,Northern_Leaf_Blight,2,train
/content/drive/MyDrive/Plant Disease Detection (Computer Vision)/1st Raw_Data/Corn/Final_Combined/Common_Rust/Corn_Common_Rust_0484.jpg,Common_Rust,1,train
/content/drive/MyDrive/Plant Disease Detection (Computer Vision)/1st Raw_Data/Corn/Final_Combined/Northern_Leaf_Blight/Corn_Northern_Leaf_Blight_0188.jpg,Northern_Leaf_Blight,2,train
/content/drive/MyDrive/Plant Disease Detection (Computer Vision)/1st Raw_Data/Corn/Final_Combined/Common_Rust/Corn_Common_Rust_0388.jpg,Common_Rust,1,train
/content/drive/MyDrive/Plant Disease Detection (Computer Vision)/1st Raw_Data/Corn/Final_Combined/Common_Rust/Corn_Common_Rust_0371.jpg,Common_Rust,1,train
/content/drive/MyDrive/Plant Disease Detection (Computer Vision)/1st Raw_Data/Corn/Final_Combined/Common_Rust/Corn_Common_Rust_0250.jpg,Common_Rust,1,train
/content/drive/MyDrive/Plant Disease Detection (Computer Vision)/1st Raw_Data/Corn/Final_Combined/Common_Rust/Corn_Common_Rust_0397.jpg,Common_Rust,1,train
/content/drive/MyDrive/Plant Disease Detection (Computer Vision)/1st Raw_Data/Corn/Final_Combined/Northern_Leaf_Blight/Corn_Northern_Leaf_Blight_0072.jpg,Northern_Leaf_Blight,2,train
/content/drive/MyDrive/Plant Disease Detection (Computer Vision)/1st Raw_Data/Corn/Final_Combined/Northern_Leaf_Blight/Corn_Northern_Leaf_Blight_0281.jpg,Northern_Leaf_Blight,2,train
/content/drive/MyDrive/Plant Disease Detection (Computer Vision)/1st Raw_Data/Corn/Final_Combined/Northern_Leaf_Blight/Corn_Northern_Leaf_Blight_0514.jpg,Northern_Leaf_Blight,2,train
/content/drive/MyDrive/Plant Disease Detection (Computer Vision)/1st Raw_Data/Corn/Final_Combined/Northern_Leaf_Blight/Corn_Northern_Leaf_Blight_0393.jpg,Northern_Leaf_Blight,2,train
/content/drive/MyDrive/Plant Disease Detection (Computer Vision)/1st Raw_Data/Corn/Final_Combined/Northern_Leaf_Blight/Corn_Northern_Leaf_Blight_0140.jpg,Northern_Leaf_Blight,2,train
/content/drive/MyDrive/Plant Disease Detection (Computer Vision)/1st Raw_Data/Corn/Final_Combined/Northern_Leaf_Blight/Corn_Northern_Leaf_Blight_0507.jpg,Northern_Leaf_Blight,2,train
/content/drive/MyDrive/Plant Disease Detection (Computer Vision)/1st Raw_Data/Corn/Final_Combined/Healthy/Corn_Healthy_0093.jpg,Healthy,0,train
/content/drive/MyDrive/Plant Disease Detection (Computer Vision)/1st Raw_Data/Corn/Final_Combined/Common_Rust/Corn_Common_Rust_0445.jpg,Common_Rust,1,train
/content/drive/MyDrive/Plant Disease Detection (Computer Vision)/1st Raw_Data/Corn/Final_Combined/Healthy/Corn_Healthy_0418.jpg,Healthy,0,train
/content/drive/MyDrive/Plant Disease Detection (Computer Vision)/1st Raw_Data/Corn/Final_Combined/Healthy/Corn_Healthy_0435.jpg,Healthy,0,train
/content/drive/MyDrive/Plant Disease Detection (Computer Vision)/1st Raw_Data/Corn/Final_Combined/Northern_Leaf_Blight/Corn_Northern_Leaf_Blight_0244.jpg,Northern_Leaf_Blight,2,train
/content/drive/MyDrive/Plant Disease Detection (Computer Vision)/1st Raw_Data/Corn/Final_Combined/Northern_Leaf_Blight/Corn_Northern_Leaf_Blight_0033.jpg,Northern_Leaf_Blight,2,train
/content/drive/MyDrive/Plant Disease Detection (Computer Vision)/1st Raw_Data/Corn/Final_Combined/Healthy/Corn_Healthy_0539.jpg,Healthy,0,train
/content/drive/MyDrive/Plant Disease Detection (Computer Vision)/1st Raw_Data/Corn/Final_Combined/Healthy/Corn_Healthy_0067.jpg,Healthy,0,train
/content/drive/MyDrive/Plant Disease Detection (Computer Vision)/1st Raw_Data/Corn/Final_Combined/Northern_Leaf_Blight/Corn_Northern_Leaf_Blight_0503.jpg,Northern_Leaf_Blight,2,train
/content/drive/MyDrive/Plant Disease Detection (Computer Vision)/1st Raw_Data/Corn/Final_Combined/Northern_Leaf_Blight/Corn_Northern_Leaf_Blight_0313.jpg,Northern_Leaf_Blight,2,train
/content/drive/MyDrive/Plant Disease Detection (Computer Vision)/1st Raw_Data/Corn/Final_Combined/Healthy/Corn_Healthy_0517.jpg,Healthy,0,train
/content/drive/MyDrive/Plant Disease Detection (Computer Vision)/1st Raw_Data/Corn/Final_Combined/Northern_Leaf_Blight/Corn_Northern_Leaf_Blight_0192.jpg,Northern_Leaf_Blight,2,train
/content/drive/MyDrive/Plant Disease Detection (Computer Vision)/1st Raw_Data/Corn/Final_Combined/Healthy/Corn_Healthy_0421.jpg,Healthy,0,train
/content/drive/MyDrive/Plant Disease Detection (Computer Vision)/1st Raw_Data/Corn/Final_Combined/Northern_Leaf_Blight/Corn_Northern_Leaf_Blight_0144.jpg,Northern_Leaf_Blight,2,train
/content/drive/MyDrive/Plant Disease Detection (Computer Vision)/1st Raw_Data/Corn/Final_Combined/Healthy/Corn_Healthy_0033.jpg,Healthy,0,train
/content/drive/MyDrive/Plant Disease Detection (Computer Vision)/1st Raw_Data/Corn/Final_Combined/Healthy/Corn_Healthy_0587.jpg,Healthy,0,train
/content/drive/MyDrive/Plant Disease Detection (Computer Vision)/1st Raw_Data/Corn/Final_Combined/Northern_Leaf_Blight/Corn_Northern_Leaf_Blight_0010.jpg,Northern_Leaf_Blight,2,train
/content/drive/MyDrive/Plant Disease Detection (Computer Vision)/1st Raw_Data/Corn/Final_Combined/Healthy/Corn_Healthy_0192.jpg,Healthy,0,train
/content/drive/MyDrive/Plant Disease Detection (Computer Vision)/1st Raw_Data/Corn/Final_Combined/Healthy/Corn_Healthy_0089.jpg,Healthy,0,train
/content/drive/MyDrive/Plant Disease Detection (Computer Vision)/1st Raw_Data/Corn/Final_Combined/Common_Rust/Corn_Common_Rust_0234.jpg,Common_Rust,1,train
/content/drive/MyDrive/Plant Disease Detection (Computer Vision)/1st Raw_Data/Corn/Final_Combined/Northern_Leaf_Blight/Corn_Northern_Leaf_Blight_0529.jpg,Northern_Leaf_Blight,2,train
/content/drive/MyDrive/Plant Disease Detection (Computer Vision)/1st Raw_Data/Corn/Final_Combined/Northern_Leaf_Blight/Corn_Northern_Leaf_Blight_0508.jpg,Northern_Leaf_Blight,2,train
/content/drive/MyDrive/Plant Disease Detection (Computer Vision)/1st Raw_Data/Corn/Final_Combined/Healthy/Corn_Healthy_0084.jpg,Healthy,0,train
/content/drive/MyDrive/Plant Disease Detection (Computer Vision)/1st Raw_Data/Corn/Final_Combined/Common_Rust/Corn_Common_Rust_0365.jpg,Common_Rust,1,train
/content/drive/MyDrive/Plant Disease Detection (Computer Vision)/1st Raw_Data/Corn/Final_Combined/Common_Rust/Corn_Common_Rust_0030.jpg,Common_Rust,1,train
/content/drive/MyDrive/Plant Disease Detection (Computer Vision)/1st Raw_Data/Corn/Final_Combined/Common_Rust/Corn_Common_Rust_0446.jpg,Common_Rust,1,train
/content/drive/MyDrive/Plant Disease Detection (Computer Vision)/1st Raw_Data/Corn/Final_Combined/Common_Rust/Corn_Common_Rust_0357.jpg,Common_Rust,1,train
/content/drive/MyDrive/Plant Disease Detection (Computer Vision)/1st Raw_Data/Corn/Final_Combined/Healthy/Corn_Healthy_0120.jpg,Healthy,0,train
/content/drive/MyDrive/Plant Disease Detection (Computer Vision)/1st Raw_Data/Corn/Final_Combined/Northern_Leaf_Blight/Corn_Northern_Leaf_Blight_0504.jpg,Northern_Leaf_Blight,2,train
/content/drive/MyDrive/Plant Disease Detection (Computer Vision)/1st Raw_Data/Corn/Final_Combined/Northern_Leaf_Blight/Corn_Northern_Leaf_Blight_0163.jpg,Northern_Leaf_Blight,2,train
/content/drive/MyDrive/Plant Disease Detection (Computer Vision)/1st Raw_Data/Corn/Final_Combined/Common_Rust/Corn_Common_Rust_0568.jpg,Common_Rust,1,train
/content/drive/MyDrive/Plant Disease Detection (Computer Vision)/1st Raw_Data/Corn/Final_Combined/Healthy/Corn_Healthy_0248.jpg,Healthy,0,train
/content/drive/MyDrive/Plant Disease Detection (Computer Vision)/1st Raw_Data/Corn/Final_Combined/Healthy/Corn_Healthy_0565.jpg,Healthy,0,train
/content/drive/MyDrive/Plant Disease Detection (Computer Vision)/1st Raw_Data/Corn/Final_Combined/Northern_Leaf_Blight/Corn_Northern_Leaf_Blight_0113.jpg,Northern_Leaf_Blight,2,train
/content/drive/MyDrive/Plant Disease Detection (Computer Vision)/1st Raw_Data/Corn/Final_Combined/Common_Rust/Corn_Common_Rust_0403.jpg,Common_Rust,1,train
/content/drive/MyDrive/Plant Disease Detection (Computer Vision)/1st Raw_Data/Corn/Final_Combined/Healthy/Corn_Healthy_0594.jpg,Healthy,0,train
/content/drive/MyDrive/Plant Disease Detection (Computer Vision)/1st Raw_Data/Corn/Final_Combined/Healthy/Corn_Healthy_0570.jpg,Healthy,0,train
/content/drive/MyDrive/Plant Disease Detection (Computer Vision)/1st Raw_Data/Corn/Final_Combined/Healthy/Corn_Healthy_0103.jpg,Healthy,0,train
/content/drive/MyDrive/Plant Disease Detection (Computer Vision)/1st Raw_Data/Corn/Final_Combined/Northern_Leaf_Blight/Corn_Northern_Leaf_Blight_0382.jpg,Northern_Leaf_Blight,2,train
/content/drive/MyDrive/Plant Disease Detection (Computer Vision)/1st Raw_Data/Corn/Final_Combined/Healthy/Corn_Healthy_0090.jpg,Healthy,0,train
/content/drive/MyDrive/Plant Disease Detection (Computer Vision)/1st Raw_Data/Corn/Final_Combined/Common_Rust/Corn_Common_Rust_0103.jpg,Common_Rust,1,train
/content/drive/MyDrive/Plant Disease Detection (Computer Vision)/1st Raw_Data/Corn/Final_Combined/Common_Rust/Corn_Common_Rust_0127.jpg,Common_Rust,1,train
/content/drive/MyDrive/Plant Disease Detection (Computer Vision)/1st Raw_Data/Corn/Final_Combined/Common_Rust/Corn_Common_Rust_0164.jpg,Common_Rust,1,train
/content/drive/MyDrive/Plant Disease Detection (Computer Vision)/1st Raw_Data/Corn/Final_Combined/Common_Rust/Corn_Common_Rust_0366.jpg,Common_Rust,1,train
/content/drive/MyDrive/Plant Disease Detection (Computer Vision)/1st Raw_Data/Corn/Final_Combined/Northern_Leaf_Blight/Corn_Northern_Leaf_Blight_0269.jpg,Northern_Leaf_Blight,2,train
/content/drive/MyDrive/Plant Disease Detection (Computer Vision)/1st Raw_Data/Corn/Final_Combined/Common_Rust/Corn_Common_Rust_0140.jpg,Common_Rust,1,train
/content/drive/MyDrive/Plant Disease Detection (Computer Vision)/1st Raw_Data/Corn/Final_Combined/Common_Rust/Corn_Common_Rust_0241.jpg,Common_Rust,1,train
/content/drive/MyDrive/Plant Disease Detection (Computer Vision)/1st Raw_Data/Corn/Final_Combined/Common_Rust/Corn_Common_Rust_0043.jpg,Common_Rust,1,train
/content/drive/MyDrive/Plant Disease Detection (Computer Vision)/1st Raw_Data/Corn/Final_Combined/Healthy/Corn_Healthy_0530.jpg,Healthy,0,train
/content/drive/MyDrive/Plant Disease Detection (Computer Vision)/1st Raw_Data/Corn/Final_Combined/Common_Rust/Corn_Common_Rust_0420.jpg,Common_Rust,1,train
/content/drive/MyDrive/Plant Disease Detection (Computer Vision)/1st Raw_Data/Corn/Final_Combined/Healthy/Corn_Healthy_0447.jpg,Healthy,0,train
/content/drive/MyDrive/Plant Disease Detection (Computer Vision)/1st Raw_Data/Corn/Final_Combined/Healthy/Corn_Healthy_0579.jpg,Healthy,0,train
/content/drive/MyDrive/Plant Disease Detection (Computer Vision)/1st Raw_Data/Corn/Final_Combined/Northern_Leaf_Blight/Corn_Northern_Leaf_Blight_0350.jpg,Northern_Leaf_Blight,2,train
/content/drive/MyDrive/Plant Disease Detection (Computer Vision)/1st Raw_Data/Corn/Final_Combined/Northern_Leaf_Blight/Corn_Northern_Leaf_Blight_0212.jpg,Northern_Leaf_Blight,2,train
/content/drive/MyDrive/Plant Disease Detection (Computer Vision)/1st Raw_Data/Corn/Final_Combined/Healthy/Corn_Healthy_0505.jpg,Healthy,0,train
/content/drive/MyDrive/Plant Disease Detection (Computer Vision)/1st Raw_Data/Corn/Final_Combined/Healthy/Corn_Healthy_0278.jpg,Healthy,0,train
/content/drive/MyDrive/Plant Disease Detection (Computer Vision)/1st Raw_Data/Corn/Final_Combined/Northern_Leaf_Blight/Corn_Northern_Leaf_Blight_0593.jpg,Northern_Leaf_Blight,2,train
/content/drive/MyDrive/Plant Disease Detection (Computer Vision)/1st Raw_Data/Corn/Final_Combined/Northern_Leaf_Blight/Corn_Northern_Leaf_Blight_0079.jpg,Northern_Leaf_Blight,2,train
/content/drive/MyDrive/Plant Disease Detection (Computer Vision)/1st Raw_Data/Corn/Final_Combined/Northern_Leaf_Blight/Corn_Northern_Leaf_Blight_0091.jpg,Northern_Leaf_Blight,2,train
/content/drive/MyDrive/Plant Disease Detection (Computer Vision)/1st Raw_Data/Corn/Final_Combined/Healthy/Corn_Healthy_0285.jpg,Healthy,0,train
/content/drive/MyDrive/Plant Disease Detection (Computer Vision)/1st Raw_Data/Corn/Final_Combined/Healthy/Corn_Healthy_0358.jpg,Healthy,0,train
/content/drive/MyDrive/Plant Disease Detection (Computer Vision)/1st Raw_Data/Corn/Final_Combined/Common_Rust/Corn_Common_Rust_0534.jpg,Common_Rust,1,train
/content/drive/MyDrive/Plant Disease Detection (Computer Vision)/1st Raw_Data/Corn/Final_Combined/Common_Rust/Corn_Common_Rust_0346.jpg,Common_Rust,1,train
/content/drive/MyDrive/Plant Disease Detection (Computer Vision)/1st Raw_Data/Corn/Final_Combined/Common_Rust/Corn_Common_Rust_0416.jpg,Common_Rust,1,train
/content/drive/MyDrive/Plant Disease Detection (Computer Vision)/1st Raw_Data/Corn/Final_Combined/Northern_Leaf_Blight/Corn_Northern_Leaf_Blight_0101.jpg,Northern_Leaf_Blight,2,train
/content/drive/MyDrive/Plant Disease Detection (Computer Vision)/1st Raw_Data/Corn/Final_Combined/Healthy/Corn_Healthy_0449.jpg,Healthy,0,train
/content/drive/MyDrive/Plant Disease Detection (Computer Vision)/1st Raw_Data/Corn/Final_Combined/Healthy/Corn_Healthy_0563.jpg,Healthy,0,train
/content/drive/MyDrive/Plant Disease Detection (Computer Vision)/1st Raw_Data/Corn/Final_Combined/Northern_Leaf_Blight/Corn_Northern_Leaf_Blight_0049.jpg,Northern_Leaf_Blight,2,train
/content/drive/MyDrive/Plant Disease Detection (Computer Vision)/1st Raw_Data/Corn/Final_Combined/Common_Rust/Corn_Common_Rust_0510.jpg,Common_Rust,1,train
/content/drive/MyDrive/Plant Disease Detection (Computer Vision)/1st Raw_Data/Corn/Final_Combined/Northern_Leaf_Blight/Corn_Northern_Leaf_Blight_0251.jpg,Northern_Leaf_Blight,2,train
/content/drive/MyDrive/Plant Disease Detection (Computer Vision)/1st Raw_Data/Corn/Final_Combined/Healthy/Corn_Healthy_0345.jpg,Healthy,0,train
/content/drive/MyDrive/Plant Disease Detection (Computer Vision)/1st Raw_Data/Corn/Final_Combined/Healthy/Corn_Healthy_0472.jpg,Healthy,0,train
/content/drive/MyDrive/Plant Disease Detection (Computer Vision)/1st Raw_Data/Corn/Final_Combined/Common_Rust/Corn_Common_Rust_0094.jpg,Common_Rust,1,train
/content/drive/MyDrive/Plant Disease Detection (Computer Vision)/1st Raw_Data/Corn/Final_Combined/Northern_Leaf_Blight/Corn_Northern_Leaf_Blight_0454.jpg,Northern_Leaf_Blight,2,train
/content/drive/MyDrive/Plant Disease Detection (Computer Vision)/1st Raw_Data/Corn/Final_Combined/Healthy/Corn_Healthy_0430.jpg,Healthy,0,train
/content/drive/MyDrive/Plant Disease Detection (Computer Vision)/1st Raw_Data/Corn/Final_Combined/Common_Rust/Corn_Common_Rust_0189.jpg,Common_Rust,1,train
/content/drive/MyDrive/Plant Disease Detection (Computer Vision)/1st Raw_Data/Corn/Final_Combined/Healthy/Corn_Healthy_0203.jpg,Healthy,0,train
/content/drive/MyDrive/Plant Disease Detection (Computer Vision)/1st Raw_Data/Corn/Final_Combined/Healthy/Corn_Healthy_0219.jpg,Healthy,0,train
/content/drive/MyDrive/Plant Disease Detection (Computer Vision)/1st Raw_Data/Corn/Final_Combined/Common_Rust/Corn_Common_Rust_0242.jpg,Common_Rust,1,train
/content/drive/MyDrive/Plant Disease Detection (Computer Vision)/1st Raw_Data/Corn/Final_Combined/Northern_Leaf_Blight/Corn_Northern_Leaf_Blight_0082.jpg,Northern_Leaf_Blight,2,train
/content/drive/MyDrive/Plant Disease Detection (Computer Vision)/1st Raw_Data/Corn/Final_Combined/Northern_Leaf_Blight/Corn_Northern_Leaf_Blight_0252.jpg,Northern_Leaf_Blight,2,train
/content/drive/MyDrive/Plant Disease Detection (Computer Vision)/1st Raw_Data/Corn/Final_Combined/Common_Rust/Corn_Common_Rust_0252.jpg,Common_Rust,1,train
/content/drive/MyDrive/Plant Disease Detection (Computer Vision)/1st Raw_Data/Corn/Final_Combined/Northern_Leaf_Blight/Corn_Northern_Leaf_Blight_0038.jpg,Northern_Leaf_Blight,2,train
/content/drive/MyDrive/Plant Disease Detection (Computer Vision)/1st Raw_Data/Corn/Final_Combined/Common_Rust/Corn_Common_Rust_0573.jpg,Common_Rust,1,train
/content/drive/MyDrive/Plant Disease Detection (Computer Vision)/1st Raw_Data/Corn/Final_Combined/Northern_Leaf_Blight/Corn_Northern_Leaf_Blight_0394.jpg,Northern_Leaf_Blight,2,train
/content/drive/MyDrive/Plant Disease Detection (Computer Vision)/1st Raw_Data/Corn/Final_Combined/Northern_Leaf_Blight/Corn_Northern_Leaf_Blight_0057.jpg,Northern_Leaf_Blight,2,train
/content/drive/MyDrive/Plant Disease Detection (Computer Vision)/1st Raw_Data/Corn/Final_Combined/Northern_Leaf_Blight/Corn_Northern_Leaf_Blight_0456.jpg,Northern_Leaf_Blight,2,train
/content/drive/MyDrive/Plant Disease Detection (Computer Vision)/1st Raw_Data/Corn/Final_Combined/Healthy/Corn_Healthy_0545.jpg,Healthy,0,train
/content/drive/MyDrive/Plant Disease Detection (Computer Vision)/1st Raw_Data/Corn/Final_Combined/Healthy/Corn_Healthy_0520.jpg,Healthy,0,train
/content/drive/MyDrive/Plant Disease Detection (Computer Vision)/1st Raw_Data/Corn/Final_Combined/Common_Rust/Corn_Common_Rust_0262.jpg,Common_Rust,1,train
/content/drive/MyDrive/Plant Disease Detection (Computer Vision)/1st Raw_Data/Corn/Final_Combined/Healthy/Corn_Healthy_0489.jpg,Healthy,0,train
/content/drive/MyDrive/Plant Disease Detection (Computer Vision)/1st Raw_Data/Corn/Final_Combined/Healthy/Corn_Healthy_0257.jpg,Healthy,0,train
/content/drive/MyDrive/Plant Disease Detection (Computer Vision)/1st Raw_Data/Corn/Final_Combined/Healthy/Corn_Healthy_0119.jpg,Healthy,0,train
/content/drive/MyDrive/Plant Disease Detection (Computer Vision)/1st Raw_Data/Corn/Final_Combined/Common_Rust/Corn_Common_Rust_0555.jpg,Common_Rust,1,train
/content/drive/MyDrive/Plant Disease Detection (Computer Vision)/1st Raw_Data/Corn/Final_Combined/Common_Rust/Corn_Common_Rust_0499.jpg,Common_Rust,1,train
/content/drive/MyDrive/Plant Disease Detection (Computer Vision)/1st Raw_Data/Corn/Final_Combined/Common_Rust/Corn_Common_Rust_0459.jpg,Common_Rust,1,train
/content/drive/MyDrive/Plant Disease Detection (Computer Vision)/1st Raw_Data/Corn/Final_Combined/Healthy/Corn_Healthy_0212.jpg,Healthy,0,train
/content/drive/MyDrive/Plant Disease Detection (Computer Vision)/1st Raw_Data/Corn/Final_Combined/Healthy/Corn_Healthy_0490.jpg,Healthy,0,train
/content/drive/MyDrive/Plant Disease Detection (Computer Vision)/1st Raw_Data/Corn/Final_Combined/Northern_Leaf_Blight/Corn_Northern_Leaf_Blight_0348.jpg,Northern_Leaf_Blight,2,train
/content/drive/MyDrive/Plant Disease Detection (Computer Vision)/1st Raw_Data/Corn/Final_Combined/Northern_Leaf_Blight/Corn_Northern_Leaf_Blight_0185.jpg,Northern_Leaf_Blight,2,train
/content/drive/MyDrive/Plant Disease Detection (Computer Vision)/1st Raw_Data/Corn/Final_Combined/Northern_Leaf_Blight/Corn_Northern_Leaf_Blight_0363.jpg,Northern_Leaf_Blight,2,train
/content/drive/MyDrive/Plant Disease Detection (Computer Vision)/1st Raw_Data/Corn/Final_Combined/Northern_Leaf_Blight/Corn_Northern_Leaf_Blight_0177.jpg,Northern_Leaf_Blight,2,train
/content/drive/MyDrive/Plant Disease Detection (Computer Vision)/1st Raw_Data/Corn/Final_Combined/Healthy/Corn_Healthy_0572.jpg,Healthy,0,train
/content/drive/MyDrive/Plant Disease Detection (Computer Vision)/1st Raw_Data/Corn/Final_Combined/Common_Rust/Corn_Common_Rust_0285.jpg,Common_Rust,1,train
/content/drive/MyDrive/Plant Disease Detection (Computer Vision)/1st Raw_Data/Corn/Final_Combined/Healthy/Corn_Healthy_0116.jpg,Healthy,0,train
/content/drive/MyDrive/Plant Disease Detection (Computer Vision)/1st Raw_Data/Corn/Final_Combined/Northern_Leaf_Blight/Corn_Northern_Leaf_Blight_0207.jpg,Northern_Leaf_Blight,2,train
/content/drive/MyDrive/Plant Disease Detection (Computer Vision)/1st Raw_Data/Corn/Final_Combined/Common_Rust/Corn_Common_Rust_0313.jpg,Common_Rust,1,train
/content/drive/MyDrive/Plant Disease Detection (Computer Vision)/1st Raw_Data/Corn/Final_Combined/Healthy/Corn_Healthy_0016.jpg,Healthy,0,train
/content/drive/MyDrive/Plant Disease Detection (Computer Vision)/1st Raw_Data/Corn/Final_Combined/Northern_Leaf_Blight/Corn_Northern_Leaf_Blight_0332.jpg,Northern_Leaf_Blight,2,train
/content/drive/MyDrive/Plant Disease Detection (Computer Vision)/1st Raw_Data/Corn/Final_Combined/Common_Rust/Corn_Common_Rust_0477.jpg,Common_Rust,1,train
/content/drive/MyDrive/Plant Disease Detection (Computer Vision)/1st Raw_Data/Corn/Final_Combined/Common_Rust/Corn_Common_Rust_0406.jpg,Common_Rust,1,train
/content/drive/MyDrive/Plant Disease Detection (Computer Vision)/1st Raw_Data/Corn/Final_Combined/Northern_Leaf_Blight/Corn_Northern_Leaf_Blight_0600.jpg,Northern_Leaf_Blight,2,train
/content/drive/MyDrive/Plant Disease Detection (Computer Vision)/1st Raw_Data/Corn/Final_Combined/Northern_Leaf_Blight/Corn_Northern_Leaf_Blight_0055.jpg,Northern_Leaf_Blight,2,train
/content/drive/MyDrive/Plant Disease Detection (Computer Vision)/1st Raw_Data/Corn/Final_Combined/Common_Rust/Corn_Common_Rust_0428.jpg,Common_Rust,1,train
/content/drive/MyDrive/Plant Disease Detection (Computer Vision)/1st Raw_Data/Corn/Final_Combined/Healthy/Corn_Healthy_0349.jpg,Healthy,0,train
/content/drive/MyDrive/Plant Disease Detection (Computer Vision)/1st Raw_Data/Corn/Final_Combined/Healthy/Corn_Healthy_0017.jpg,Healthy,0,train
/content/drive/MyDrive/Plant Disease Detection (Computer Vision)/1st Raw_Data/Corn/Final_Combined/Healthy/Corn_Healthy_0124.jpg,Healthy,0,train
/content/drive/MyDrive/Plant Disease Detection (Computer Vision)/1st Raw_Data/Corn/Final_Combined/Healthy/Corn_Healthy_0499.jpg,Healthy,0,train
/content/drive/MyDrive/Plant Disease Detection (Computer Vision)/1st Raw_Data/Corn/Final_Combined/Northern_Leaf_Blight/Corn_Northern_Leaf_Blight_0107.jpg,Northern_Leaf_Blight,2,train
/content/drive/MyDrive/Plant Disease Detection (Computer Vision)/1st Raw_Data/Corn/Final_Combined/Healthy/Corn_Healthy_0293.jpg,Healthy,0,train
/content/drive/MyDrive/Plant Disease Detection (Computer Vision)/1st Raw_Data/Corn/Final_Combined/Northern_Leaf_Blight/Corn_Northern_Leaf_Blight_0067.jpg,Northern_Leaf_Blight,2,train
/content/drive/MyDrive/Plant Disease Detection (Computer Vision)/1st Raw_Data/Corn/Final_Combined/Healthy/Corn_Healthy_0197.jpg,Healthy,0,train
/content/drive/MyDrive/Plant Disease Detection (Computer Vision)/1st Raw_Data/Corn/Final_Combined/Healthy/Corn_Healthy_0186.jpg,Healthy,0,train
/content/drive/MyDrive/Plant Disease Detection (Computer Vision)/1st Raw_Data/Corn/Final_Combined/Common_Rust/Corn_Common_Rust_0247.jpg,Common_Rust,1,train
/content/drive/MyDrive/Plant Disease Detection (Computer Vision)/1st Raw_Data/Corn/Final_Combined/Healthy/Corn_Healthy_0286.jpg,Healthy,0,train
/content/drive/MyDrive/Plant Disease Detection (Computer Vision)/1st Raw_Data/Corn/Final_Combined/Northern_Leaf_Blight/Corn_Northern_Leaf_Blight_0198.jpg,Northern_Leaf_Blight,2,train
/content/drive/MyDrive/Plant Disease Detection (Computer Vision)/1st Raw_Data/Corn/Final_Combined/Northern_Leaf_Blight/Corn_Northern_Leaf_Blight_0536.jpg,Northern_Leaf_Blight,2,train
/content/drive/MyDrive/Plant Disease Detection (Computer Vision)/1st Raw_Data/Corn/Final_Combined/Common_Rust/Corn_Common_Rust_0206.jpg,Common_Rust,1,train
/content/drive/MyDrive/Plant Disease Detection (Computer Vision)/1st Raw_Data/Corn/Final_Combined/Common_Rust/Corn_Common_Rust_0093.jpg,Common_Rust,1,train
/content/drive/MyDrive/Plant Disease Detection (Computer Vision)/1st Raw_Data/Corn/Final_Combined/Common_Rust/Corn_Common_Rust_0106.jpg,Common_Rust,1,train
/content/drive/MyDrive/Plant Disease Detection (Computer Vision)/1st Raw_Data/Corn/Final_Combined/Healthy/Corn_Healthy_0386.jpg,Healthy,0,train
/content/drive/MyDrive/Plant Disease Detection (Computer Vision)/1st Raw_Data/Corn/Final_Combined/Healthy/Corn_Healthy_0184.jpg,Healthy,0,train
/content/drive/MyDrive/Plant Disease Detection (Computer Vision)/1st Raw_Data/Corn/Final_Combined/Common_Rust/Corn_Common_Rust_0274.jpg,Common_Rust,1,train
/content/drive/MyDrive/Plant Disease Detection (Computer Vision)/1st Raw_Data/Corn/Final_Combined/Common_Rust/Corn_Common_Rust_0261.jpg,Common_Rust,1,train
/content/drive/MyDrive/Plant Disease Detection (Computer Vision)/1st Raw_Data/Corn/Final_Combined/Healthy/Corn_Healthy_0387.jpg,Healthy,0,train
/content/drive/MyDrive/Plant Disease Detection (Computer Vision)/1st Raw_Data/Corn/Final_Combined/Healthy/Corn_Healthy_0225.jpg,Healthy,0,train
/content/drive/MyDrive/Plant Disease Detection (Computer Vision)/1st Raw_Data/Corn/Final_Combined/Common_Rust/Corn_Common_Rust_0309.jpg,Common_Rust,1,train
/content/drive/MyDrive/Plant Disease Detection (Computer Vision)/1st Raw_Data/Corn/Final_Combined/Northern_Leaf_Blight/Corn_Northern_Leaf_Blight_0573.jpg,Northern_Leaf_Blight,2,train
/content/drive/MyDrive/Plant Disease Detection (Computer Vision)/1st Raw_Data/Corn/Final_Combined/Healthy/Corn_Healthy_0474.jpg,Healthy,0,train
/content/drive/MyDrive/Plant Disease Detection (Computer Vision)/1st Raw_Data/Corn/Final_Combined/Northern_Leaf_Blight/Corn_Northern_Leaf_Blight_0594.jpg,Northern_Leaf_Blight,2,train
/content/drive/MyDrive/Plant Disease Detection (Computer Vision)/1st Raw_Data/Corn/Final_Combined/Common_Rust/Corn_Common_Rust_0019.jpg,Common_Rust,1,train
/content/drive/MyDrive/Plant Disease Detection (Computer Vision)/1st Raw_Data/Corn/Final_Combined/Healthy/Corn_Healthy_0198.jpg,Healthy,0,train
/content/drive/MyDrive/Plant Disease Detection (Computer Vision)/1st Raw_Data/Corn/Final_Combined/Common_Rust/Corn_Common_Rust_0177.jpg,Common_Rust,1,train
/content/drive/MyDrive/Plant Disease Detection (Computer Vision)/1st Raw_Data/Corn/Final_Combined/Northern_Leaf_Blight/Corn_Northern_Leaf_Blight_0168.jpg,Northern_Leaf_Blight,2,train
/content/drive/MyDrive/Plant Disease Detection (Computer Vision)/1st Raw_Data/Corn/Final_Combined/Northern_Leaf_Blight/Corn_Northern_Leaf_Blight_0197.jpg,Northern_Leaf_Blight,2,train
/content/drive/MyDrive/Plant Disease Detection (Computer Vision)/1st Raw_Data/Corn/Final_Combined/Common_Rust/Corn_Common_Rust_0276.jpg,Common_Rust,1,train
/content/drive/MyDrive/Plant Disease Detection (Computer Vision)/1st Raw_Data/Corn/Final_Combined/Common_Rust/Corn_Common_Rust_0201.jpg,Common_Rust,1,train
/content/drive/MyDrive/Plant Disease Detection (Computer Vision)/1st Raw_Data/Corn/Final_Combined/Northern_Leaf_Blight/Corn_Northern_Leaf_Blight_0322.jpg,Northern_Leaf_Blight,2,train
/content/drive/MyDrive/Plant Disease Detection (Computer Vision)/1st Raw_Data/Corn/Final_Combined/Healthy/Corn_Healthy_0256.jpg,Healthy,0,train
/content/drive/MyDrive/Plant Disease Detection (Computer Vision)/1st Raw_Data/Corn/Final_Combined/Common_Rust/Corn_Common_Rust_0063.jpg,Common_Rust,1,train
/content/drive/MyDrive/Plant Disease Detection (Computer Vision)/1st Raw_Data/Corn/Final_Combined/Northern_Leaf_Blight/Corn_Northern_Leaf_Blight_0225.jpg,Northern_Leaf_Blight,2,train
/content/drive/MyDrive/Plant Disease Detection (Computer Vision)/1st Raw_Data/Corn/Final_Combined/Common_Rust/Corn_Common_Rust_0212.jpg,Common_Rust,1,train
/content/drive/MyDrive/Plant Disease Detection (Computer Vision)/1st Raw_Data/Corn/Final_Combined/Healthy/Corn_Healthy_0519.jpg,Healthy,0,train
/content/drive/MyDrive/Plant Disease Detection (Computer Vision)/1st Raw_Data/Corn/Final_Combined/Common_Rust/Corn_Common_Rust_0225.jpg,Common_Rust,1,train
/content/drive/MyDrive/Plant Disease Detection (Computer Vision)/1st Raw_Data/Corn/Final_Combined/Northern_Leaf_Blight/Corn_Northern_Leaf_Blight_0334.jpg,Northern_Leaf_Blight,2,train
/content/drive/MyDrive/Plant Disease Detection (Computer Vision)/1st Raw_Data/Corn/Final_Combined/Common_Rust/Corn_Common_Rust_0071.jpg,Common_Rust,1,train
/content/drive/MyDrive/Plant Disease Detection (Computer Vision)/1st Raw_Data/Corn/Final_Combined/Healthy/Corn_Healthy_0014.jpg,Healthy,0,train
/content/drive/MyDrive/Plant Disease Detection (Computer Vision)/1st Raw_Data/Corn/Final_Combined/Healthy/Corn_Healthy_0217.jpg,Healthy,0,train
/content/drive/MyDrive/Plant Disease Detection (Computer Vision)/1st Raw_Data/Corn/Final_Combined/Healthy/Corn_Healthy_0069.jpg,Healthy,0,train
/content/drive/MyDrive/Plant Disease Detection (Computer Vision)/1st Raw_Data/Corn/Final_Combined/Northern_Leaf_Blight/Corn_Northern_Leaf_Blight_0108.jpg,Northern_Leaf_Blight,2,train
/content/drive/MyDrive/Plant Disease Detection (Computer Vision)/1st Raw_Data/Corn/Final_Combined/Northern_Leaf_Blight/Corn_Northern_Leaf_Blight_0352.jpg,Northern_Leaf_Blight,2,train
/content/drive/MyDrive/Plant Disease Detection (Computer Vision)/1st Raw_Data/Corn/Final_Combined/Healthy/Corn_Healthy_0269.jpg,Healthy,0,train
/content/drive/MyDrive/Plant Disease Detection (Computer Vision)/1st Raw_Data/Corn/Final_Combined/Healthy/Corn_Healthy_0132.jpg,Healthy,0,train
/content/drive/MyDrive/Plant Disease Detection (Computer Vision)/1st Raw_Data/Corn/Final_Combined/Common_Rust/Corn_Common_Rust_0409.jpg,Common_Rust,1,train
/content/drive/MyDrive/Plant Disease Detection (Computer Vision)/1st Raw_Data/Corn/Final_Combined/Northern_Leaf_Blight/Corn_Northern_Leaf_Blight_0533.jpg,Northern_Leaf_Blight,2,train
/content/drive/MyDrive/Plant Disease Detection (Computer Vision)/1st Raw_Data/Corn/Final_Combined/Northern_Leaf_Blight/Corn_Northern_Leaf_Blight_0599.jpg,Northern_Leaf_Blight,2,train
/content/drive/MyDrive/Plant Disease Detection (Computer Vision)/1st Raw_Data/Corn/Final_Combined/Healthy/Corn_Healthy_0373.jpg,Healthy,0,train
/content/drive/MyDrive/Plant Disease Detection (Computer Vision)/1st Raw_Data/Corn/Final_Combined/Healthy/Corn_Healthy_0024.jpg,Healthy,0,train
/content/drive/MyDrive/Plant Disease Detection (Computer Vision)/1st Raw_Data/Corn/Final_Combined/Healthy/Corn_Healthy_0171.jpg,Healthy,0,train
/content/drive/MyDrive/Plant Disease Detection (Computer Vision)/1st Raw_Data/Corn/Final_Combined/Healthy/Corn_Healthy_0352.jpg,Healthy,0,train
/content/drive/MyDrive/Plant Disease Detection (Computer Vision)/1st Raw_Data/Corn/Final_Combined/Healthy/Corn_Healthy_0588.jpg,Healthy,0,train
/content/drive/MyDrive/Plant Disease Detection (Computer Vision)/1st Raw_Data/Corn/Final_Combined/Northern_Leaf_Blight/Corn_Northern_Leaf_Blight_0422.jpg,Northern_Leaf_Blight,2,train
/content/drive/MyDrive/Plant Disease Detection (Computer Vision)/1st Raw_Data/Corn/Final_Combined/Common_Rust/Corn_Common_Rust_0561.jpg,Common_Rust,1,train
/content/drive/MyDrive/Plant Disease Detection (Computer Vision)/1st Raw_Data/Corn/Final_Combined/Northern_Leaf_Blight/Corn_Northern_Leaf_Blight_0445.jpg,Northern_Leaf_Blight,2,train
/content/drive/MyDrive/Plant Disease Detection (Computer Vision)/1st Raw_Data/Corn/Final_Combined/Common_Rust/Corn_Common_Rust_0557.jpg,Common_Rust,1,train
/content/drive/MyDrive/Plant Disease Detection (Computer Vision)/1st Raw_Data/Corn/Final_Combined/Northern_Leaf_Blight/Corn_Northern_Leaf_Blight_0497.jpg,Northern_Leaf_Blight,2,train
/content/drive/MyDrive/Plant Disease Detection (Computer Vision)/1st Raw_Data/Corn/Final_Combined/Common_Rust/Corn_Common_Rust_0245.jpg,Common_Rust,1,train
/content/drive/MyDrive/Plant Disease Detection (Computer Vision)/1st Raw_Data/Corn/Final_Combined/Healthy/Corn_Healthy_0009.jpg,Healthy,0,train
/content/drive/MyDrive/Plant Disease Detection (Computer Vision)/1st Raw_Data/Corn/Final_Combined/Northern_Leaf_Blight/Corn_Northern_Leaf_Blight_0575.jpg,Northern_Leaf_Blight,2,train
/content/drive/MyDrive/Plant Disease Detection (Computer Vision)/1st Raw_Data/Corn/Final_Combined/Common_Rust/Corn_Common_Rust_0218.jpg,Common_Rust,1,train
/content/drive/MyDrive/Plant Disease Detection (Computer Vision)/1st Raw_Data/Corn/Final_Combined/Common_Rust/Corn_Common_Rust_0158.jpg,Common_Rust,1,train
/content/drive/MyDrive/Plant Disease Detection (Computer Vision)/1st Raw_Data/Corn/Final_Combined/Common_Rust/Corn_Common_Rust_0294.jpg,Common_Rust,1,train
/content/drive/MyDrive/Plant Disease Detection (Computer Vision)/1st Raw_Data/Corn/Final_Combined/Northern_Leaf_Blight/Corn_Northern_Leaf_Blight_0524.jpg,Northern_Leaf_Blight,2,train
/content/drive/MyDrive/Plant Disease Detection (Computer Vision)/1st Raw_Data/Corn/Final_Combined/Northern_Leaf_Blight/Corn_Northern_Leaf_Blight_0544.jpg,Northern_Leaf_Blight,2,train
/content/drive/MyDrive/Plant Disease Detection (Computer Vision)/1st Raw_Data/Corn/Final_Combined/Northern_Leaf_Blight/Corn_Northern_Leaf_Blight_0142.jpg,Northern_Leaf_Blight,2,train
/content/drive/MyDrive/Plant Disease Detection (Computer Vision)/1st Raw_Data/Corn/Final_Combined/Common_Rust/Corn_Common_Rust_0171.jpg,Common_Rust,1,train
/content/drive/MyDrive/Plant Disease Detection (Computer Vision)/1st Raw_Data/Corn/Final_Combined/Common_Rust/Corn_Common_Rust_0486.jpg,Common_Rust,1,train
/content/drive/MyDrive/Plant Disease Detection (Computer Vision)/1st Raw_Data/Corn/Final_Combined/Common_Rust/Corn_Common_Rust_0483.jpg,Common_Rust,1,train
/content/drive/MyDrive/Plant Disease Detection (Computer Vision)/1st Raw_Data/Corn/Final_Combined/Northern_Leaf_Blight/Corn_Northern_Leaf_Blight_0186.jpg,Northern_Leaf_Blight,2,train
/content/drive/MyDrive/Plant Disease Detection (Computer Vision)/1st Raw_Data/Corn/Final_Combined/Northern_Leaf_Blight/Corn_Northern_Leaf_Blight_0360.jpg,Northern_Leaf_Blight,2,train
/content/drive/MyDrive/Plant Disease Detection (Computer Vision)/1st Raw_Data/Corn/Final_Combined/Common_Rust/Corn_Common_Rust_0400.jpg,Common_Rust,1,train
/content/drive/MyDrive/Plant Disease Detection (Computer Vision)/1st Raw_Data/Corn/Final_Combined/Northern_Leaf_Blight/Corn_Northern_Leaf_Blight_0100.jpg,Northern_Leaf_Blight,2,train
/content/drive/MyDrive/Plant Disease Detection (Computer Vision)/1st Raw_Data/Corn/Final_Combined/Healthy/Corn_Healthy_0455.jpg,Healthy,0,train
/content/drive/MyDrive/Plant Disease Detection (Computer Vision)/1st Raw_Data/Corn/Final_Combined/Healthy/Corn_Healthy_0292.jpg,Healthy,0,train
/content/drive/MyDrive/Plant Disease Detection (Computer Vision)/1st Raw_Data/Corn/Final_Combined/Northern_Leaf_Blight/Corn_Northern_Leaf_Blight_0130.jpg,Northern_Leaf_Blight,2,train
/content/drive/MyDrive/Plant Disease Detection (Computer Vision)/1st Raw_Data/Corn/Final_Combined/Common_Rust/Corn_Common_Rust_0221.jpg,Common_Rust,1,train
/content/drive/MyDrive/Plant Disease Detection (Computer Vision)/1st Raw_Data/Corn/Final_Combined/Common_Rust/Corn_Common_Rust_0291.jpg,Common_Rust,1,train
/content/drive/MyDrive/Plant Disease Detection (Computer Vision)/1st Raw_Data/Corn/Final_Combined/Healthy/Corn_Healthy_0170.jpg,Healthy,0,train
/content/drive/MyDrive/Plant Disease Detection (Computer Vision)/1st Raw_Data/Corn/Final_Combined/Common_Rust/Corn_Common_Rust_0258.jpg,Common_Rust,1,train
/content/drive/MyDrive/Plant Disease Detection (Computer Vision)/1st Raw_Data/Corn/Final_Combined/Common_Rust/Corn_Common_Rust_0028.jpg,Common_Rust,1,train
/content/drive/MyDrive/Plant Disease Detection (Computer Vision)/1st Raw_Data/Corn/Final_Combined/Northern_Leaf_Blight/Corn_Northern_Leaf_Blight_0546.jpg,Northern_Leaf_Blight,2,train
/content/drive/MyDrive/Plant Disease Detection (Computer Vision)/1st Raw_Data/Corn/Final_Combined/Healthy/Corn_Healthy_0215.jpg,Healthy,0,train
/content/drive/MyDrive/Plant Disease Detection (Computer Vision)/1st Raw_Data/Corn/Final_Combined/Common_Rust/Corn_Common_Rust_0396.jpg,Common_Rust,1,train
/content/drive/MyDrive/Plant Disease Detection (Computer Vision)/1st Raw_Data/Corn/Final_Combined/Northern_Leaf_Blight/Corn_Northern_Leaf_Blight_0285.jpg,Northern_Leaf_Blight,2,train
/content/drive/MyDrive/Plant Disease Detection (Computer Vision)/1st Raw_Data/Corn/Final_Combined/Common_Rust/Corn_Common_Rust_0207.jpg,Common_Rust,1,train
/content/drive/MyDrive/Plant Disease Detection (Computer Vision)/1st Raw_Data/Corn/Final_Combined/Common_Rust/Corn_Common_Rust_0223.jpg,Common_Rust,1,train
/content/drive/MyDrive/Plant Disease Detection (Computer Vision)/1st Raw_Data/Corn/Final_Combined/Healthy/Corn_Healthy_0549.jpg,Healthy,0,train
/content/drive/MyDrive/Plant Disease Detection (Computer Vision)/1st Raw_Data/Corn/Final_Combined/Common_Rust/Corn_Common_Rust_0571.jpg,Common_Rust,1,train
/content/drive/MyDrive/Plant Disease Detection (Computer Vision)/1st Raw_Data/Corn/Final_Combined/Common_Rust/Corn_Common_Rust_0038.jpg,Common_Rust,1,train
/content/drive/MyDrive/Plant Disease Detection (Computer Vision)/1st Raw_Data/Corn/Final_Combined/Common_Rust/Corn_Common_Rust_0466.jpg,Common_Rust,1,train
/content/drive/MyDrive/Plant Disease Detection (Computer Vision)/1st Raw_Data/Corn/Final_Combined/Northern_Leaf_Blight/Corn_Northern_Leaf_Blight_0381.jpg,Northern_Leaf_Blight,2,train
/content/drive/MyDrive/Plant Disease Detection (Computer Vision)/1st Raw_Data/Corn/Final_Combined/Healthy/Corn_Healthy_0179.jpg,Healthy,0,train
/content/drive/MyDrive/Plant Disease Detection (Computer Vision)/1st Raw_Data/Corn/Final_Combined/Northern_Leaf_Blight/Corn_Northern_Leaf_Blight_0406.jpg,Northern_Leaf_Blight,2,train
/content/drive/MyDrive/Plant Disease Detection (Computer Vision)/1st Raw_Data/Corn/Final_Combined/Common_Rust/Corn_Common_Rust_0180.jpg,Common_Rust,1,train
/content/drive/MyDrive/Plant Disease Detection (Computer Vision)/1st Raw_Data/Corn/Final_Combined/Northern_Leaf_Blight/Corn_Northern_Leaf_Blight_0179.jpg,Northern_Leaf_Blight,2,train
/content/drive/MyDrive/Plant Disease Detection (Computer Vision)/1st Raw_Data/Corn/Final_Combined/Northern_Leaf_Blight/Corn_Northern_Leaf_Blight_0205.jpg,Northern_Leaf_Blight,2,train
/content/drive/MyDrive/Plant Disease Detection (Computer Vision)/1st Raw_Data/Corn/Final_Combined/Northern_Leaf_Blight/Corn_Northern_Leaf_Blight_0141.jpg,Northern_Leaf_Blight,2,train
/content/drive/MyDrive/Plant Disease Detection (Computer Vision)/1st Raw_Data/Corn/Final_Combined/Healthy/Corn_Healthy_0471.jpg,Healthy,0,train
/content/drive/MyDrive/Plant Disease Detection (Computer Vision)/1st Raw_Data/Corn/Final_Combined/Healthy/Corn_Healthy_0244.jpg,Healthy,0,train
/content/drive/MyDrive/Plant Disease Detection (Computer Vision)/1st Raw_Data/Corn/Final_Combined/Common_Rust/Corn_Common_Rust_0502.jpg,Common_Rust,1,train
/content/drive/MyDrive/Plant Disease Detection (Computer Vision)/1st Raw_Data/Corn/Final_Combined/Common_Rust/Corn_Common_Rust_0456.jpg,Common_Rust,1,train
/content/drive/MyDrive/Plant Disease Detection (Computer Vision)/1st Raw_Data/Corn/Final_Combined/Common_Rust/Corn_Common_Rust_0147.jpg,Common_Rust,1,train
/content/drive/MyDrive/Plant Disease Detection (Computer Vision)/1st Raw_Data/Corn/Final_Combined/Healthy/Corn_Healthy_0559.jpg,Healthy,0,train
/content/drive/MyDrive/Plant Disease Detection (Computer Vision)/1st Raw_Data/Corn/Final_Combined/Common_Rust/Corn_Common_Rust_0112.jpg,Common_Rust,1,train
/content/drive/MyDrive/Plant Disease Detection (Computer Vision)/1st Raw_Data/Corn/Final_Combined/Common_Rust/Corn_Common_Rust_0419.jpg,Common_Rust,1,train
/content/drive/MyDrive/Plant Disease Detection (Computer Vision)/1st Raw_Data/Corn/Final_Combined/Healthy/Corn_Healthy_0518.jpg,Healthy,0,train
/content/drive/MyDrive/Plant Disease Detection (Computer Vision)/1st Raw_Data/Corn/Final_Combined/Northern_Leaf_Blight/Corn_Northern_Leaf_Blight_0112.jpg,Northern_Leaf_Blight,2,train
/content/drive/MyDrive/Plant Disease Detection (Computer Vision)/1st Raw_Data/Corn/Final_Combined/Northern_Leaf_Blight/Corn_Northern_Leaf_Blight_0047.jpg,Northern_Leaf_Blight,2,train
/content/drive/MyDrive/Plant Disease Detection (Computer Vision)/1st Raw_Data/Corn/Final_Combined/Healthy/Corn_Healthy_0149.jpg,Healthy,0,train
/content/drive/MyDrive/Plant Disease Detection (Computer Vision)/1st Raw_Data/Corn/Final_Combined/Northern_Leaf_Blight/Corn_Northern_Leaf_Blight_0338.jpg,Northern_Leaf_Blight,2,train
/content/drive/MyDrive/Plant Disease Detection (Computer Vision)/1st Raw_Data/Corn/Final_Combined/Healthy/Corn_Healthy_0298.jpg,Healthy,0,train
/content/drive/MyDrive/Plant Disease Detection (Computer Vision)/1st Raw_Data/Corn/Final_Combined/Northern_Leaf_Blight/Corn_Northern_Leaf_Blight_0410.jpg,Northern_Leaf_Blight,2,train
/content/drive/MyDrive/Plant Disease Detection (Computer Vision)/1st Raw_Data/Corn/Final_Combined/Healthy/Corn_Healthy_0415.jpg,Healthy,0,train
/content/drive/MyDrive/Plant Disease Detection (Computer Vision)/1st Raw_Data/Corn/Final_Combined/Healthy/Corn_Healthy_0168.jpg,Healthy,0,train
/content/drive/MyDrive/Plant Disease Detection (Computer Vision)/1st Raw_Data/Corn/Final_Combined/Common_Rust/Corn_Common_Rust_0186.jpg,Common_Rust,1,train
/content/drive/MyDrive/Plant Disease Detection (Computer Vision)/1st Raw_Data/Corn/Final_Combined/Common_Rust/Corn_Common_Rust_0246.jpg,Common_Rust,1,train
/content/drive/MyDrive/Plant Disease Detection (Computer Vision)/1st Raw_Data/Corn/Final_Combined/Healthy/Corn_Healthy_0401.jpg,Healthy,0,train
/content/drive/MyDrive/Plant Disease Detection (Computer Vision)/1st Raw_Data/Corn/Final_Combined/Common_Rust/Corn_Common_Rust_0475.jpg,Common_Rust,1,train
/content/drive/MyDrive/Plant Disease Detection (Computer Vision)/1st Raw_Data/Corn/Final_Combined/Healthy/Corn_Healthy_0553.jpg,Healthy,0,train
/content/drive/MyDrive/Plant Disease Detection (Computer Vision)/1st Raw_Data/Corn/Final_Combined/Northern_Leaf_Blight/Corn_Northern_Leaf_Blight_0008.jpg,Northern_Leaf_Blight,2,train
/content/drive/MyDrive/Plant Disease Detection (Computer Vision)/1st Raw_Data/Corn/Final_Combined/Common_Rust/Corn_Common_Rust_0435.jpg,Common_Rust,1,train
/content/drive/MyDrive/Plant Disease Detection (Computer Vision)/1st Raw_Data/Corn/Final_Combined/Northern_Leaf_Blight/Corn_Northern_Leaf_Blight_0316.jpg,Northern_Leaf_Blight,2,train
/content/drive/MyDrive/Plant Disease Detection (Computer Vision)/1st Raw_Data/Corn/Final_Combined/Common_Rust/Corn_Common_Rust_0156.jpg,Common_Rust,1,train
/content/drive/MyDrive/Plant Disease Detection (Computer Vision)/1st Raw_Data/Corn/Final_Combined/Common_Rust/Corn_Common_Rust_0386.jpg,Common_Rust,1,train
/content/drive/MyDrive/Plant Disease Detection (Computer Vision)/1st Raw_Data/Corn/Final_Combined/Northern_Leaf_Blight/Corn_Northern_Leaf_Blight_0571.jpg,Northern_Leaf_Blight,2,train
/content/drive/MyDrive/Plant Disease Detection (Computer Vision)/1st Raw_Data/Corn/Final_Combined/Common_Rust/Corn_Common_Rust_0341.jpg,Common_Rust,1,train
/content/drive/MyDrive/Plant Disease Detection (Computer Vision)/1st Raw_Data/Corn/Final_Combined/Common_Rust/Corn_Common_Rust_0003.jpg,Common_Rust,1,train
/content/drive/MyDrive/Plant Disease Detection (Computer Vision)/1st Raw_Data/Corn/Final_Combined/Northern_Leaf_Blight/Corn_Northern_Leaf_Blight_0215.jpg,Northern_Leaf_Blight,2,train
/content/drive/MyDrive/Plant Disease Detection (Computer Vision)/1st Raw_Data/Corn/Final_Combined/Healthy/Corn_Healthy_0347.jpg,Healthy,0,train
/content/drive/MyDrive/Plant Disease Detection (Computer Vision)/1st Raw_Data/Corn/Final_Combined/Common_Rust/Corn_Common_Rust_0411.jpg,Common_Rust,1,train
/content/drive/MyDrive/Plant Disease Detection (Computer Vision)/1st Raw_Data/Corn/Final_Combined/Northern_Leaf_Blight/Corn_Northern_Leaf_Blight_0278.jpg,Northern_Leaf_Blight,2,train
/content/drive/MyDrive/Plant Disease Detection (Computer Vision)/1st Raw_Data/Corn/Final_Combined/Common_Rust/Corn_Common_Rust_0026.jpg,Common_Rust,1,train
/content/drive/MyDrive/Plant Disease Detection (Computer Vision)/1st Raw_Data/Corn/Final_Combined/Northern_Leaf_Blight/Corn_Northern_Leaf_Blight_0117.jpg,Northern_Leaf_Blight,2,train
/content/drive/MyDrive/Plant Disease Detection (Computer Vision)/1st Raw_Data/Corn/Final_Combined/Northern_Leaf_Blight/Corn_Northern_Leaf_Blight_0314.jpg,Northern_Leaf_Blight,2,train
/content/drive/MyDrive/Plant Disease Detection (Computer Vision)/1st Raw_Data/Corn/Final_Combined/Healthy/Corn_Healthy_0085.jpg,Healthy,0,train
/content/drive/MyDrive/Plant Disease Detection (Computer Vision)/1st Raw_Data/Corn/Final_Combined/Northern_Leaf_Blight/Corn_Northern_Leaf_Blight_0552.jpg,Northern_Leaf_Blight,2,train
/content/drive/MyDrive/Plant Disease Detection (Computer Vision)/1st Raw_Data/Corn/Final_Combined/Healthy/Corn_Healthy_0235.jpg,Healthy,0,train
/content/drive/MyDrive/Plant Disease Detection (Computer Vision)/1st Raw_Data/Corn/Final_Combined/Common_Rust/Corn_Common_Rust_0490.jpg,Common_Rust,1,train
/content/drive/MyDrive/Plant Disease Detection (Computer Vision)/1st Raw_Data/Corn/Final_Combined/Healthy/Corn_Healthy_0261.jpg,Healthy,0,train
/content/drive/MyDrive/Plant Disease Detection (Computer Vision)/1st Raw_Data/Corn/Final_Combined/Northern_Leaf_Blight/Corn_Northern_Leaf_Blight_0521.jpg,Northern_Leaf_Blight,2,train
/content/drive/MyDrive/Plant Disease Detection (Computer Vision)/1st Raw_Data/Corn/Final_Combined/Healthy/Corn_Healthy_0395.jpg,Healthy,0,train
/content/drive/MyDrive/Plant Disease Detection (Computer Vision)/1st Raw_Data/Corn/Final_Combined/Northern_Leaf_Blight/Corn_Northern_Leaf_Blight_0589.jpg,Northern_Leaf_Blight,2,train
/content/drive/MyDrive/Plant Disease Detection (Computer Vision)/1st Raw_Data/Corn/Final_Combined/Northern_Leaf_Blight/Corn_Northern_Leaf_Blight_0303.jpg,Northern_Leaf_Blight,2,train
/content/drive/MyDrive/Plant Disease Detection (Computer Vision)/1st Raw_Data/Corn/Final_Combined/Common_Rust/Corn_Common_Rust_0237.jpg,Common_Rust,1,train
/content/drive/MyDrive/Plant Disease Detection (Computer Vision)/1st Raw_Data/Corn/Final_Combined/Healthy/Corn_Healthy_0249.jpg,Healthy,0,train
/content/drive/MyDrive/Plant Disease Detection (Computer Vision)/1st Raw_Data/Corn/Final_Combined/Northern_Leaf_Blight/Corn_Northern_Leaf_Blight_0557.jpg,Northern_Leaf_Blight,2,train
/content/drive/MyDrive/Plant Disease Detection (Computer Vision)/1st Raw_Data/Corn/Final_Combined/Common_Rust/Corn_Common_Rust_0482.jpg,Common_Rust,1,train
/content/drive/MyDrive/Plant Disease Detection (Computer Vision)/1st Raw_Data/Corn/Final_Combined/Common_Rust/Corn_Common_Rust_0589.jpg,Common_Rust,1,train
/content/drive/MyDrive/Plant Disease Detection (Computer Vision)/1st Raw_Data/Corn/Final_Combined/Healthy/Corn_Healthy_0353.jpg,Healthy,0,train
/content/drive/MyDrive/Plant Disease Detection (Computer Vision)/1st Raw_Data/Corn/Final_Combined/Northern_Leaf_Blight/Corn_Northern_Leaf_Blight_0161.jpg,Northern_Leaf_Blight,2,train
/content/drive/MyDrive/Plant Disease Detection (Computer Vision)/1st Raw_Data/Corn/Final_Combined/Healthy/Corn_Healthy_0526.jpg,Healthy,0,train
/content/drive/MyDrive/Plant Disease Detection (Computer Vision)/1st Raw_Data/Corn/Final_Combined/Healthy/Corn_Healthy_0296.jpg,Healthy,0,train
/content/drive/MyDrive/Plant Disease Detection (Computer Vision)/1st Raw_Data/Corn/Final_Combined/Healthy/Corn_Healthy_0099.jpg,Healthy,0,train
/content/drive/MyDrive/Plant Disease Detection (Computer Vision)/1st Raw_Data/Corn/Final_Combined/Healthy/Corn_Healthy_0273.jpg,Healthy,0,train
/content/drive/MyDrive/Plant Disease Detection (Computer Vision)/1st Raw_Data/Corn/Final_Combined/Healthy/Corn_Healthy_0337.jpg,Healthy,0,train
/content/drive/MyDrive/Plant Disease Detection (Computer Vision)/1st Raw_Data/Corn/Final_Combined/Common_Rust/Corn_Common_Rust_0202.jpg,Common_Rust,1,train
/content/drive/MyDrive/Plant Disease Detection (Computer Vision)/1st Raw_Data/Corn/Final_Combined/Healthy/Corn_Healthy_0023.jpg,Healthy,0,train
/content/drive/MyDrive/Plant Disease Detection (Computer Vision)/1st Raw_Data/Corn/Final_Combined/Northern_Leaf_Blight/Corn_Northern_Leaf_Blight_0520.jpg,Northern_Leaf_Blight,2,train
/content/drive/MyDrive/Plant Disease Detection (Computer Vision)/1st Raw_Data/Corn/Final_Combined/Northern_Leaf_Blight/Corn_Northern_Leaf_Blight_0013.jpg,Northern_Leaf_Blight,2,train
/content/drive/MyDrive/Plant Disease Detection (Computer Vision)/1st Raw_Data/Corn/Final_Combined/Common_Rust/Corn_Common_Rust_0096.jpg,Common_Rust,1,train
/content/drive/MyDrive/Plant Disease Detection (Computer Vision)/1st Raw_Data/Corn/Final_Combined/Common_Rust/Corn_Common_Rust_0496.jpg,Common_Rust,1,train
/content/drive/MyDrive/Plant Disease Detection (Computer Vision)/1st Raw_Data/Corn/Final_Combined/Common_Rust/Corn_Common_Rust_0481.jpg,Common_Rust,1,train
/content/drive/MyDrive/Plant Disease Detection (Computer Vision)/1st Raw_Data/Corn/Final_Combined/Healthy/Corn_Healthy_0495.jpg,Healthy,0,train
/content/drive/MyDrive/Plant Disease Detection (Computer Vision)/1st Raw_Data/Corn/Final_Combined/Northern_Leaf_Blight/Corn_Northern_Leaf_Blight_0516.jpg,Northern_Leaf_Blight,2,train
/content/drive/MyDrive/Plant Disease Detection (Computer Vision)/1st Raw_Data/Corn/Final_Combined/Common_Rust/Corn_Common_Rust_0228.jpg,Common_Rust,1,train
/content/drive/MyDrive/Plant Disease Detection (Computer Vision)/1st Raw_Data/Corn/Final_Combined/Northern_Leaf_Blight/Corn_Northern_Leaf_Blight_0059.jpg,Northern_Leaf_Blight,2,train
/content/drive/MyDrive/Plant Disease Detection (Computer Vision)/1st Raw_Data/Corn/Final_Combined/Northern_Leaf_Blight/Corn_Northern_Leaf_Blight_0017.jpg,Northern_Leaf_Blight,2,train
/content/drive/MyDrive/Plant Disease Detection (Computer Vision)/1st Raw_Data/Corn/Final_Combined/Common_Rust/Corn_Common_Rust_0059.jpg,Common_Rust,1,train
/content/drive/MyDrive/Plant Disease Detection (Computer Vision)/1st Raw_Data/Corn/Final_Combined/Healthy/Corn_Healthy_0100.jpg,Healthy,0,train
/content/drive/MyDrive/Plant Disease Detection (Computer Vision)/1st Raw_Data/Corn/Final_Combined/Common_Rust/Corn_Common_Rust_0354.jpg,Common_Rust,1,train
/content/drive/MyDrive/Plant Disease Detection (Computer Vision)/1st Raw_Data/Corn/Final_Combined/Common_Rust/Corn_Common_Rust_0472.jpg,Common_Rust,1,train
/content/drive/MyDrive/Plant Disease Detection (Computer Vision)/1st Raw_Data/Corn/Final_Combined/Healthy/Corn_Healthy_0040.jpg,Healthy,0,train
/content/drive/MyDrive/Plant Disease Detection (Computer Vision)/1st Raw_Data/Corn/Final_Combined/Healthy/Corn_Healthy_0384.jpg,Healthy,0,train
/content/drive/MyDrive/Plant Disease Detection (Computer Vision)/1st Raw_Data/Corn/Final_Combined/Common_Rust/Corn_Common_Rust_0343.jpg,Common_Rust,1,train
/content/drive/MyDrive/Plant Disease Detection (Computer Vision)/1st Raw_Data/Corn/Final_Combined/Northern_Leaf_Blight/Corn_Northern_Leaf_Blight_0310.jpg,Northern_Leaf_Blight,2,train
/content/drive/MyDrive/Plant Disease Detection (Computer Vision)/1st Raw_Data/Corn/Final_Combined/Common_Rust/Corn_Common_Rust_0505.jpg,Common_Rust,1,train
/content/drive/MyDrive/Plant Disease Detection (Computer Vision)/1st Raw_Data/Corn/Final_Combined/Healthy/Corn_Healthy_0207.jpg,Healthy,0,train
/content/drive/MyDrive/Plant Disease Detection (Computer Vision)/1st Raw_Data/Corn/Final_Combined/Common_Rust/Corn_Common_Rust_0239.jpg,Common_Rust,1,train
/content/drive/MyDrive/Plant Disease Detection (Computer Vision)/1st Raw_Data/Corn/Final_Combined/Healthy/Corn_Healthy_0360.jpg,Healthy,0,train
/content/drive/MyDrive/Plant Disease Detection (Computer Vision)/1st Raw_Data/Corn/Final_Combined/Common_Rust/Corn_Common_Rust_0567.jpg,Common_Rust,1,train
/content/drive/MyDrive/Plant Disease Detection (Computer Vision)/1st Raw_Data/Corn/Final_Combined/Northern_Leaf_Blight/Corn_Northern_Leaf_Blight_0097.jpg,Northern_Leaf_Blight,2,train
/content/drive/MyDrive/Plant Disease Detection (Computer Vision)/1st Raw_Data/Corn/Final_Combined/Healthy/Corn_Healthy_0381.jpg,Healthy,0,train
/content/drive/MyDrive/Plant Disease Detection (Computer Vision)/1st Raw_Data/Corn/Final_Combined/Healthy/Corn_Healthy_0175.jpg,Healthy,0,train
/content/drive/MyDrive/Plant Disease Detection (Computer Vision)/1st Raw_Data/Corn/Final_Combined/Healthy/Corn_Healthy_0422.jpg,Healthy,0,train
/content/drive/MyDrive/Plant Disease Detection (Computer Vision)/1st Raw_Data/Corn/Final_Combined/Common_Rust/Corn_Common_Rust_0129.jpg,Common_Rust,1,train
/content/drive/MyDrive/Plant Disease Detection (Computer Vision)/1st Raw_Data/Corn/Final_Combined/Northern_Leaf_Blight/Corn_Northern_Leaf_Blight_0102.jpg,Northern_Leaf_Blight,2,train
/content/drive/MyDrive/Plant Disease Detection (Computer Vision)/1st Raw_Data/Corn/Final_Combined/Common_Rust/Corn_Common_Rust_0507.jpg,Common_Rust,1,train
/content/drive/MyDrive/Plant Disease Detection (Computer Vision)/1st Raw_Data/Corn/Final_Combined/Common_Rust/Corn_Common_Rust_0181.jpg,Common_Rust,1,train
/content/drive/MyDrive/Plant Disease Detection (Computer Vision)/1st Raw_Data/Corn/Final_Combined/Healthy/Corn_Healthy_0020.jpg,Healthy,0,train
/content/drive/MyDrive/Plant Disease Detection (Computer Vision)/1st Raw_Data/Corn/Final_Combined/Northern_Leaf_Blight/Corn_Northern_Leaf_Blight_0092.jpg,Northern_Leaf_Blight,2,train
/content/drive/MyDrive/Plant Disease Detection (Computer Vision)/1st Raw_Data/Corn/Final_Combined/Common_Rust/Corn_Common_Rust_0487.jpg,Common_Rust,1,train
/content/drive/MyDrive/Plant Disease Detection (Computer Vision)/1st Raw_Data/Corn/Final_Combined/Healthy/Corn_Healthy_0218.jpg,Healthy,0,train
/content/drive/MyDrive/Plant Disease Detection (Computer Vision)/1st Raw_Data/Corn/Final_Combined/Common_Rust/Corn_Common_Rust_0306.jpg,Common_Rust,1,train
/content/drive/MyDrive/Plant Disease Detection (Computer Vision)/1st Raw_Data/Corn/Final_Combined/Northern_Leaf_Blight/Corn_Northern_Leaf_Blight_0202.jpg,Northern_Leaf_Blight,2,train
/content/drive/MyDrive/Plant Disease Detection (Computer Vision)/1st Raw_Data/Corn/Final_Combined/Common_Rust/Corn_Common_Rust_0389.jpg,Common_Rust,1,train
/content/drive/MyDrive/Plant Disease Detection (Computer Vision)/1st Raw_Data/Corn/Final_Combined/Healthy/Corn_Healthy_0125.jpg,Healthy,0,train
/content/drive/MyDrive/Plant Disease Detection (Computer Vision)/1st Raw_Data/Corn/Final_Combined/Common_Rust/Corn_Common_Rust_0541.jpg,Common_Rust,1,train
/content/drive/MyDrive/Plant Disease Detection (Computer Vision)/1st Raw_Data/Corn/Final_Combined/Healthy/Corn_Healthy_0088.jpg,Healthy,0,train
/content/drive/MyDrive/Plant Disease Detection (Computer Vision)/1st Raw_Data/Corn/Final_Combined/Northern_Leaf_Blight/Corn_Northern_Leaf_Blight_0380.jpg,Northern_Leaf_Blight,2,train
/content/drive/MyDrive/Plant Disease Detection (Computer Vision)/1st Raw_Data/Corn/Final_Combined/Northern_Leaf_Blight/Corn_Northern_Leaf_Blight_0442.jpg,Northern_Leaf_Blight,2,train
/content/drive/MyDrive/Plant Disease Detection (Computer Vision)/1st Raw_Data/Corn/Final_Combined/Northern_Leaf_Blight/Corn_Northern_Leaf_Blight_0282.jpg,Northern_Leaf_Blight,2,train
/content/drive/MyDrive/Plant Disease Detection (Computer Vision)/1st Raw_Data/Corn/Final_Combined/Common_Rust/Corn_Common_Rust_0298.jpg,Common_Rust,1,train
/content/drive/MyDrive/Plant Disease Detection (Computer Vision)/1st Raw_Data/Corn/Final_Combined/Common_Rust/Corn_Common_Rust_0375.jpg,Common_Rust,1,train
/content/drive/MyDrive/Plant Disease Detection (Computer Vision)/1st Raw_Data/Corn/Final_Combined/Common_Rust/Corn_Common_Rust_0356.jpg,Common_Rust,1,train
/content/drive/MyDrive/Plant Disease Detection (Computer Vision)/1st Raw_Data/Corn/Final_Combined/Northern_Leaf_Blight/Corn_Northern_Leaf_Blight_0365.jpg,Northern_Leaf_Blight,2,train
/content/drive/MyDrive/Plant Disease Detection (Computer Vision)/1st Raw_Data/Corn/Final_Combined/Common_Rust/Corn_Common_Rust_0273.jpg,Common_Rust,1,train
/content/drive/MyDrive/Plant Disease Detection (Computer Vision)/1st Raw_Data/Corn/Final_Combined/Common_Rust/Corn_Common_Rust_0192.jpg,Common_Rust,1,train
/content/drive/MyDrive/Plant Disease Detection (Computer Vision)/1st Raw_Data/Corn/Final_Combined/Northern_Leaf_Blight/Corn_Northern_Leaf_Blight_0222.jpg,Northern_Leaf_Blight,2,train
/content/drive/MyDrive/Plant Disease Detection (Computer Vision)/1st Raw_Data/Corn/Final_Combined/Northern_Leaf_Blight/Corn_Northern_Leaf_Blight_0160.jpg,Northern_Leaf_Blight,2,train
/content/drive/MyDrive/Plant Disease Detection (Computer Vision)/1st Raw_Data/Corn/Final_Combined/Common_Rust/Corn_Common_Rust_0062.jpg,Common_Rust,1,train
/content/drive/MyDrive/Plant Disease Detection (Computer Vision)/1st Raw_Data/Corn/Final_Combined/Healthy/Corn_Healthy_0126.jpg,Healthy,0,train
/content/drive/MyDrive/Plant Disease Detection (Computer Vision)/1st Raw_Data/Corn/Final_Combined/Northern_Leaf_Blight/Corn_Northern_Leaf_Blight_0347.jpg,Northern_Leaf_Blight,2,train
/content/drive/MyDrive/Plant Disease Detection (Computer Vision)/1st Raw_Data/Corn/Final_Combined/Common_Rust/Corn_Common_Rust_0191.jpg,Common_Rust,1,train
/content/drive/MyDrive/Plant Disease Detection (Computer Vision)/1st Raw_Data/Corn/Final_Combined/Healthy/Corn_Healthy_0329.jpg,Healthy,0,train
/content/drive/MyDrive/Plant Disease Detection (Computer Vision)/1st Raw_Data/Corn/Final_Combined/Common_Rust/Corn_Common_Rust_0576.jpg,Common_Rust,1,train
/content/drive/MyDrive/Plant Disease Detection (Computer Vision)/1st Raw_Data/Corn/Final_Combined/Healthy/Corn_Healthy_0078.jpg,Healthy,0,train
/content/drive/MyDrive/Plant Disease Detection (Computer Vision)/1st Raw_Data/Corn/Final_Combined/Northern_Leaf_Blight/Corn_Northern_Leaf_Blight_0305.jpg,Northern_Leaf_Blight,2,train
/content/drive/MyDrive/Plant Disease Detection (Computer Vision)/1st Raw_Data/Corn/Final_Combined/Healthy/Corn_Healthy_0011.jpg,Healthy,0,train
/content/drive/MyDrive/Plant Disease Detection (Computer Vision)/1st Raw_Data/Corn/Final_Combined/Common_Rust/Corn_Common_Rust_0280.jpg,Common_Rust,1,train
/content/drive/MyDrive/Plant Disease Detection (Computer Vision)/1st Raw_Data/Corn/Final_Combined/Northern_Leaf_Blight/Corn_Northern_Leaf_Blight_0353.jpg,Northern_Leaf_Blight,2,train
/content/drive/MyDrive/Plant Disease Detection (Computer Vision)/1st Raw_Data/Corn/Final_Combined/Healthy/Corn_Healthy_0045.jpg,Healthy,0,train
/content/drive/MyDrive/Plant Disease Detection (Computer Vision)/1st Raw_Data/Corn/Final_Combined/Common_Rust/Corn_Common_Rust_0474.jpg,Common_Rust,1,train
/content/drive/MyDrive/Plant Disease Detection (Computer Vision)/1st Raw_Data/Corn/Final_Combined/Healthy/Corn_Healthy_0348.jpg,Healthy,0,train
/content/drive/MyDrive/Plant Disease Detection (Computer Vision)/1st Raw_Data/Corn/Final_Combined/Northern_Leaf_Blight/Corn_Northern_Leaf_Blight_0104.jpg,Northern_Leaf_Blight,2,train
/content/drive/MyDrive/Plant Disease Detection (Computer Vision)/1st Raw_Data/Corn/Final_Combined/Healthy/Corn_Healthy_0465.jpg,Healthy,0,train
/content/drive/MyDrive/Plant Disease Detection (Computer Vision)/1st Raw_Data/Corn/Final_Combined/Common_Rust/Corn_Common_Rust_0034.jpg,Common_Rust,1,train
/content/drive/MyDrive/Plant Disease Detection (Computer Vision)/1st Raw_Data/Corn/Final_Combined/Common_Rust/Corn_Common_Rust_0368.jpg,Common_Rust,1,train
/content/drive/MyDrive/Plant Disease Detection (Computer Vision)/1st Raw_Data/Corn/Final_Combined/Northern_Leaf_Blight/Corn_Northern_Leaf_Blight_0064.jpg,Northern_Leaf_Blight,2,train
/content/drive/MyDrive/Plant Disease Detection (Computer Vision)/1st Raw_Data/Corn/Final_Combined/Common_Rust/Corn_Common_Rust_0126.jpg,Common_Rust,1,train
/content/drive/MyDrive/Plant Disease Detection (Computer Vision)/1st Raw_Data/Corn/Final_Combined/Healthy/Corn_Healthy_0046.jpg,Healthy,0,train
/content/drive/MyDrive/Plant Disease Detection (Computer Vision)/1st Raw_Data/Corn/Final_Combined/Common_Rust/Corn_Common_Rust_0047.jpg,Common_Rust,1,train
/content/drive/MyDrive/Plant Disease Detection (Computer Vision)/1st Raw_Data/Corn/Final_Combined/Northern_Leaf_Blight/Corn_Northern_Leaf_Blight_0433.jpg,Northern_Leaf_Blight,2,train
/content/drive/MyDrive/Plant Disease Detection (Computer Vision)/1st Raw_Data/Corn/Final_Combined/Healthy/Corn_Healthy_0478.jpg,Healthy,0,train
/content/drive/MyDrive/Plant Disease Detection (Computer Vision)/1st Raw_Data/Corn/Final_Combined/Northern_Leaf_Blight/Corn_Northern_Leaf_Blight_0279.jpg,Northern_Leaf_Blight,2,train
/content/drive/MyDrive/Plant Disease Detection (Computer Vision)/1st Raw_Data/Corn/Final_Combined/Northern_Leaf_Blight/Corn_Northern_Leaf_Blight_0329.jpg,Northern_Leaf_Blight,2,train
/content/drive/MyDrive/Plant Disease Detection (Computer Vision)/1st Raw_Data/Corn/Final_Combined/Common_Rust/Corn_Common_Rust_0335.jpg,Common_Rust,1,train
/content/drive/MyDrive/Plant Disease Detection (Computer Vision)/1st Raw_Data/Corn/Final_Combined/Common_Rust/Corn_Common_Rust_0300.jpg,Common_Rust,1,train
/content/drive/MyDrive/Plant Disease Detection (Computer Vision)/1st Raw_Data/Corn/Final_Combined/Northern_Leaf_Blight/Corn_Northern_Leaf_Blight_0230.jpg,Northern_Leaf_Blight,2,train
/content/drive/MyDrive/Plant Disease Detection (Computer Vision)/1st Raw_Data/Corn/Final_Combined/Northern_Leaf_Blight/Corn_Northern_Leaf_Blight_0203.jpg,Northern_Leaf_Blight,2,train
/content/drive/MyDrive/Plant Disease Detection (Computer Vision)/1st Raw_Data/Corn/Final_Combined/Northern_Leaf_Blight/Corn_Northern_Leaf_Blight_0306.jpg,Northern_Leaf_Blight,2,train
/content/drive/MyDrive/Plant Disease Detection (Computer Vision)/1st Raw_Data/Corn/Final_Combined/Northern_Leaf_Blight/Corn_Northern_Leaf_Blight_0434.jpg,Northern_Leaf_Blight,2,train
/content/drive/MyDrive/Plant Disease Detection (Computer Vision)/1st Raw_Data/Corn/Final_Combined/Common_Rust/Corn_Common_Rust_0075.jpg,Common_Rust,1,train
/content/drive/MyDrive/Plant Disease Detection (Computer Vision)/1st Raw_Data/Corn/Final_Combined/Common_Rust/Corn_Common_Rust_0006.jpg,Common_Rust,1,train
/content/drive/MyDrive/Plant Disease Detection (Computer Vision)/1st Raw_Data/Corn/Final_Combined/Common_Rust/Corn_Common_Rust_0236.jpg,Common_Rust,1,train
/content/drive/MyDrive/Plant Disease Detection (Computer Vision)/1st Raw_Data/Corn/Final_Combined/Common_Rust/Corn_Common_Rust_0425.jpg,Common_Rust,1,train
/content/drive/MyDrive/Plant Disease Detection (Computer Vision)/1st Raw_Data/Corn/Final_Combined/Common_Rust/Corn_Common_Rust_0565.jpg,Common_Rust,1,train
/content/drive/MyDrive/Plant Disease Detection (Computer Vision)/1st Raw_Data/Corn/Final_Combined/Healthy/Corn_Healthy_0584.jpg,Healthy,0,train
/content/drive/MyDrive/Plant Disease Detection (Computer Vision)/1st Raw_Data/Corn/Final_Combined/Northern_Leaf_Blight/Corn_Northern_Leaf_Blight_0579.jpg,Northern_Leaf_Blight,2,train
/content/drive/MyDrive/Plant Disease Detection (Computer Vision)/1st Raw_Data/Corn/Final_Combined/Common_Rust/Corn_Common_Rust_0088.jpg,Common_Rust,1,train
/content/drive/MyDrive/Plant Disease Detection (Computer Vision)/1st Raw_Data/Corn/Final_Combined/Healthy/Corn_Healthy_0402.jpg,Healthy,0,train
/content/drive/MyDrive/Plant Disease Detection (Computer Vision)/1st Raw_Data/Corn/Final_Combined/Healthy/Corn_Healthy_0393.jpg,Healthy,0,train
/content/drive/MyDrive/Plant Disease Detection (Computer Vision)/1st Raw_Data/Corn/Final_Combined/Northern_Leaf_Blight/Corn_Northern_Leaf_Blight_0070.jpg,Northern_Leaf_Blight,2,train
/content/drive/MyDrive/Plant Disease Detection (Computer Vision)/1st Raw_Data/Corn/Final_Combined/Northern_Leaf_Blight/Corn_Northern_Leaf_Blight_0311.jpg,Northern_Leaf_Blight,2,train
/content/drive/MyDrive/Plant Disease Detection (Computer Vision)/1st Raw_Data/Corn/Final_Combined/Common_Rust/Corn_Common_Rust_0175.jpg,Common_Rust,1,train
/content/drive/MyDrive/Plant Disease Detection (Computer Vision)/1st Raw_Data/Corn/Final_Combined/Northern_Leaf_Blight/Corn_Northern_Leaf_Blight_0337.jpg,Northern_Leaf_Blight,2,train
/content/drive/MyDrive/Plant Disease Detection (Computer Vision)/1st Raw_Data/Corn/Final_Combined/Healthy/Corn_Healthy_0497.jpg,Healthy,0,train
/content/drive/MyDrive/Plant Disease Detection (Computer Vision)/1st Raw_Data/Corn/Final_Combined/Healthy/Corn_Healthy_0086.jpg,Healthy,0,train
/content/drive/MyDrive/Plant Disease Detection (Computer Vision)/1st Raw_Data/Corn/Final_Combined/Healthy/Corn_Healthy_0288.jpg,Healthy,0,train
/content/drive/MyDrive/Plant Disease Detection (Computer Vision)/1st Raw_Data/Corn/Final_Combined/Northern_Leaf_Blight/Corn_Northern_Leaf_Blight_0042.jpg,Northern_Leaf_Blight,2,train
/content/drive/MyDrive/Plant Disease Detection (Computer Vision)/1st Raw_Data/Corn/Final_Combined/Healthy/Corn_Healthy_0448.jpg,Healthy,0,train
/content/drive/MyDrive/Plant Disease Detection (Computer Vision)/1st Raw_Data/Corn/Final_Combined/Common_Rust/Corn_Common_Rust_0104.jpg,Common_Rust,1,train
/content/drive/MyDrive/Plant Disease Detection (Computer Vision)/1st Raw_Data/Corn/Final_Combined/Common_Rust/Corn_Common_Rust_0256.jpg,Common_Rust,1,train
/content/drive/MyDrive/Plant Disease Detection (Computer Vision)/1st Raw_Data/Corn/Final_Combined/Healthy/Corn_Healthy_0470.jpg,Healthy,0,train
/content/drive/MyDrive/Plant Disease Detection (Computer Vision)/1st Raw_Data/Corn/Final_Combined/Common_Rust/Corn_Common_Rust_0546.jpg,Common_Rust,1,train
/content/drive/MyDrive/Plant Disease Detection (Computer Vision)/1st Raw_Data/Corn/Final_Combined/Healthy/Corn_Healthy_0391.jpg,Healthy,0,train
/content/drive/MyDrive/Plant Disease Detection (Computer Vision)/1st Raw_Data/Corn/Final_Combined/Common_Rust/Corn_Common_Rust_0260.jpg,Common_Rust,1,train
/content/drive/MyDrive/Plant Disease Detection (Computer Vision)/1st Raw_Data/Corn/Final_Combined/Northern_Leaf_Blight/Corn_Northern_Leaf_Blight_0089.jpg,Northern_Leaf_Blight,2,train
/content/drive/MyDrive/Plant Disease Detection (Computer Vision)/1st Raw_Data/Corn/Final_Combined/Northern_Leaf_Blight/Corn_Northern_Leaf_Blight_0553.jpg,Northern_Leaf_Blight,2,train
/content/drive/MyDrive/Plant Disease Detection (Computer Vision)/1st Raw_Data/Corn/Final_Combined/Northern_Leaf_Blight/Corn_Northern_Leaf_Blight_0474.jpg,Northern_Leaf_Blight,2,train
/content/drive/MyDrive/Plant Disease Detection (Computer Vision)/1st Raw_Data/Corn/Final_Combined/Common_Rust/Corn_Common_Rust_0163.jpg,Common_Rust,1,train
/content/drive/MyDrive/Plant Disease Detection (Computer Vision)/1st Raw_Data/Corn/Final_Combined/Northern_Leaf_Blight/Corn_Northern_Leaf_Blight_0180.jpg,Northern_Leaf_Blight,2,train
/content/drive/MyDrive/Plant Disease Detection (Computer Vision)/1st Raw_Data/Corn/Final_Combined/Northern_Leaf_Blight/Corn_Northern_Leaf_Blight_0323.jpg,Northern_Leaf_Blight,2,train
/content/drive/MyDrive/Plant Disease Detection (Computer Vision)/1st Raw_Data/Corn/Final_Combined/Common_Rust/Corn_Common_Rust_0142.jpg,Common_Rust,1,train
/content/drive/MyDrive/Plant Disease Detection (Computer Vision)/1st Raw_Data/Corn/Final_Combined/Common_Rust/Corn_Common_Rust_0361.jpg,Common_Rust,1,train
/content/drive/MyDrive/Plant Disease Detection (Computer Vision)/1st Raw_Data/Corn/Final_Combined/Healthy/Corn_Healthy_0145.jpg,Healthy,0,train
/content/drive/MyDrive/Plant Disease Detection (Computer Vision)/1st Raw_Data/Corn/Final_Combined/Northern_Leaf_Blight/Corn_Northern_Leaf_Blight_0056.jpg,Northern_Leaf_Blight,2,train
/content/drive/MyDrive/Plant Disease Detection (Computer Vision)/1st Raw_Data/Corn/Final_Combined/Northern_Leaf_Blight/Corn_Northern_Leaf_Blight_0483.jpg,Northern_Leaf_Blight,2,train
/content/drive/MyDrive/Plant Disease Detection (Computer Vision)/1st Raw_Data/Corn/Final_Combined/Healthy/Corn_Healthy_0564.jpg,Healthy,0,train
/content/drive/MyDrive/Plant Disease Detection (Computer Vision)/1st Raw_Data/Corn/Final_Combined/Northern_Leaf_Blight/Corn_Northern_Leaf_Blight_0391.jpg,Northern_Leaf_Blight,2,train
/content/drive/MyDrive/Plant Disease Detection (Computer Vision)/1st Raw_Data/Corn/Final_Combined/Northern_Leaf_Blight/Corn_Northern_Leaf_Blight_0158.jpg,Northern_Leaf_Blight,2,train
/content/drive/MyDrive/Plant Disease Detection (Computer Vision)/1st Raw_Data/Corn/Final_Combined/Common_Rust/Corn_Common_Rust_0451.jpg,Common_Rust,1,train
/content/drive/MyDrive/Plant Disease Detection (Computer Vision)/1st Raw_Data/Corn/Final_Combined/Northern_Leaf_Blight/Corn_Northern_Leaf_Blight_0248.jpg,Northern_Leaf_Blight,2,train
/content/drive/MyDrive/Plant Disease Detection (Computer Vision)/1st Raw_Data/Corn/Final_Combined/Northern_Leaf_Blight/Corn_Northern_Leaf_Blight_0344.jpg,Northern_Leaf_Blight,2,train
/content/drive/MyDrive/Plant Disease Detection (Computer Vision)/1st Raw_Data/Corn/Final_Combined/Common_Rust/Corn_Common_Rust_0231.jpg,Common_Rust,1,train
/content/drive/MyDrive/Plant Disease Detection (Computer Vision)/1st Raw_Data/Corn/Final_Combined/Common_Rust/Corn_Common_Rust_0526.jpg,Common_Rust,1,train
/content/drive/MyDrive/Plant Disease Detection (Computer Vision)/1st Raw_Data/Corn/Final_Combined/Northern_Leaf_Blight/Corn_Northern_Leaf_Blight_0193.jpg,Northern_Leaf_Blight,2,train
/content/drive/MyDrive/Plant Disease Detection (Computer Vision)/1st Raw_Data/Corn/Final_Combined/Common_Rust/Corn_Common_Rust_0380.jpg,Common_Rust,1,train
/content/drive/MyDrive/Plant Disease Detection (Computer Vision)/1st Raw_Data/Corn/Final_Combined/Northern_Leaf_Blight/Corn_Northern_Leaf_Blight_0375.jpg,Northern_Leaf_Blight,2,train
/content/drive/MyDrive/Plant Disease Detection (Computer Vision)/1st Raw_Data/Corn/Final_Combined/Healthy/Corn_Healthy_0581.jpg,Healthy,0,train
/content/drive/MyDrive/Plant Disease Detection (Computer Vision)/1st Raw_Data/Corn/Final_Combined/Northern_Leaf_Blight/Corn_Northern_Leaf_Blight_0336.jpg,Northern_Leaf_Blight,2,train
/content/drive/MyDrive/Plant Disease Detection (Computer Vision)/1st Raw_Data/Corn/Final_Combined/Northern_Leaf_Blight/Corn_Northern_Leaf_Blight_0086.jpg,Northern_Leaf_Blight,2,train
/content/drive/MyDrive/Plant Disease Detection (Computer Vision)/1st Raw_Data/Corn/Final_Combined/Healthy/Corn_Healthy_0322.jpg,Healthy,0,train
/content/drive/MyDrive/Plant Disease Detection (Computer Vision)/1st Raw_Data/Corn/Final_Combined/Common_Rust/Corn_Common_Rust_0587.jpg,Common_Rust,1,train
/content/drive/MyDrive/Plant Disease Detection (Computer Vision)/1st Raw_Data/Corn/Final_Combined/Healthy/Corn_Healthy_0224.jpg,Healthy,0,train
/content/drive/MyDrive/Plant Disease Detection (Computer Vision)/1st Raw_Data/Corn/Final_Combined/Northern_Leaf_Blight/Corn_Northern_Leaf_Blight_0164.jpg,Northern_Leaf_Blight,2,train
/content/drive/MyDrive/Plant Disease Detection (Computer Vision)/1st Raw_Data/Corn/Final_Combined/Common_Rust/Corn_Common_Rust_0470.jpg,Common_Rust,1,train
/content/drive/MyDrive/Plant Disease Detection (Computer Vision)/1st Raw_Data/Corn/Final_Combined/Northern_Leaf_Blight/Corn_Northern_Leaf_Blight_0591.jpg,Northern_Leaf_Blight,2,train
/content/drive/MyDrive/Plant Disease Detection (Computer Vision)/1st Raw_Data/Corn/Final_Combined/Northern_Leaf_Blight/Corn_Northern_Leaf_Blight_0046.jpg,Northern_Leaf_Blight,2,train
/content/drive/MyDrive/Plant Disease Detection (Computer Vision)/1st Raw_Data/Corn/Final_Combined/Healthy/Corn_Healthy_0367.jpg,Healthy,0,train
/content/drive/MyDrive/Plant Disease Detection (Computer Vision)/1st Raw_Data/Corn/Final_Combined/Common_Rust/Corn_Common_Rust_0549.jpg,Common_Rust,1,train
/content/drive/MyDrive/Plant Disease Detection (Computer Vision)/1st Raw_Data/Corn/Final_Combined/Northern_Leaf_Blight/Corn_Northern_Leaf_Blight_0455.jpg,Northern_Leaf_Blight,2,train
/content/drive/MyDrive/Plant Disease Detection (Computer Vision)/1st Raw_Data/Corn/Final_Combined/Common_Rust/Corn_Common_Rust_0264.jpg,Common_Rust,1,train
/content/drive/MyDrive/Plant Disease Detection (Computer Vision)/1st Raw_Data/Corn/Final_Combined/Northern_Leaf_Blight/Corn_Northern_Leaf_Blight_0275.jpg,Northern_Leaf_Blight,2,train
/content/drive/MyDrive/Plant Disease Detection (Computer Vision)/1st Raw_Data/Corn/Final_Combined/Common_Rust/Corn_Common_Rust_0269.jpg,Common_Rust,1,train
/content/drive/MyDrive/Plant Disease Detection (Computer Vision)/1st Raw_Data/Corn/Final_Combined/Healthy/Corn_Healthy_0560.jpg,Healthy,0,train
/content/drive/MyDrive/Plant Disease Detection (Computer Vision)/1st Raw_Data/Corn/Final_Combined/Common_Rust/Corn_Common_Rust_0593.jpg,Common_Rust,1,train
/content/drive/MyDrive/Plant Disease Detection (Computer Vision)/1st Raw_Data/Corn/Final_Combined/Healthy/Corn_Healthy_0139.jpg,Healthy,0,train
/content/drive/MyDrive/Plant Disease Detection (Computer Vision)/1st Raw_Data/Corn/Final_Combined/Common_Rust/Corn_Common_Rust_0307.jpg,Common_Rust,1,train
/content/drive/MyDrive/Plant Disease Detection (Computer Vision)/1st Raw_Data/Corn/Final_Combined/Common_Rust/Corn_Common_Rust_0358.jpg,Common_Rust,1,train
/content/drive/MyDrive/Plant Disease Detection (Computer Vision)/1st Raw_Data/Corn/Final_Combined/Healthy/Corn_Healthy_0072.jpg,Healthy,0,train
/content/drive/MyDrive/Plant Disease Detection (Computer Vision)/1st Raw_Data/Corn/Final_Combined/Common_Rust/Corn_Common_Rust_0359.jpg,Common_Rust,1,train
/content/drive/MyDrive/Plant Disease Detection (Computer Vision)/1st Raw_Data/Corn/Final_Combined/Common_Rust/Corn_Common_Rust_0527.jpg,Common_Rust,1,train
/content/drive/MyDrive/Plant Disease Detection (Computer Vision)/1st Raw_Data/Corn/Final_Combined/Common_Rust/Corn_Common_Rust_0377.jpg,Common_Rust,1,train
/content/drive/MyDrive/Plant Disease Detection (Computer Vision)/1st Raw_Data/Corn/Final_Combined/Healthy/Corn_Healthy_0295.jpg,Healthy,0,train
/content/drive/MyDrive/Plant Disease Detection (Computer Vision)/1st Raw_Data/Corn/Final_Combined/Northern_Leaf_Blight/Corn_Northern_Leaf_Blight_0127.jpg,Northern_Leaf_Blight,2,train
/content/drive/MyDrive/Plant Disease Detection (Computer Vision)/1st Raw_Data/Corn/Final_Combined/Common_Rust/Corn_Common_Rust_0349.jpg,Common_Rust,1,train
/content/drive/MyDrive/Plant Disease Detection (Computer Vision)/1st Raw_Data/Corn/Final_Combined/Northern_Leaf_Blight/Corn_Northern_Leaf_Blight_0234.jpg,Northern_Leaf_Blight,2,train
/content/drive/MyDrive/Plant Disease Detection (Computer Vision)/1st Raw_Data/Corn/Final_Combined/Northern_Leaf_Blight/Corn_Northern_Leaf_Blight_0377.jpg,Northern_Leaf_Blight,2,train
/content/drive/MyDrive/Plant Disease Detection (Computer Vision)/1st Raw_Data/Corn/Final_Combined/Common_Rust/Corn_Common_Rust_0560.jpg,Common_Rust,1,train
/content/drive/MyDrive/Plant Disease Detection (Computer Vision)/1st Raw_Data/Corn/Final_Combined/Northern_Leaf_Blight/Corn_Northern_Leaf_Blight_0486.jpg,Northern_Leaf_Blight,2,train
/content/drive/MyDrive/Plant Disease Detection (Computer Vision)/1st Raw_Data/Corn/Final_Combined/Common_Rust/Corn_Common_Rust_0554.jpg,Common_Rust,1,train
/content/drive/MyDrive/Plant Disease Detection (Computer Vision)/1st Raw_Data/Corn/Final_Combined/Common_Rust/Corn_Common_Rust_0469.jpg,Common_Rust,1,train
/content/drive/MyDrive/Plant Disease Detection (Computer Vision)/1st Raw_Data/Corn/Final_Combined/Northern_Leaf_Blight/Corn_Northern_Leaf_Blight_0020.jpg,Northern_Leaf_Blight,2,train
/content/drive/MyDrive/Plant Disease Detection (Computer Vision)/1st Raw_Data/Corn/Final_Combined/Healthy/Corn_Healthy_0063.jpg,Healthy,0,train
/content/drive/MyDrive/Plant Disease Detection (Computer Vision)/1st Raw_Data/Corn/Final_Combined/Northern_Leaf_Blight/Corn_Northern_Leaf_Blight_0214.jpg,Northern_Leaf_Blight,2,train
/content/drive/MyDrive/Plant Disease Detection (Computer Vision)/1st Raw_Data/Corn/Final_Combined/Common_Rust/Corn_Common_Rust_0522.jpg,Common_Rust,1,train
/content/drive/MyDrive/Plant Disease Detection (Computer Vision)/1st Raw_Data/Corn/Final_Combined/Common_Rust/Corn_Common_Rust_0014.jpg,Common_Rust,1,train
/content/drive/MyDrive/Plant Disease Detection (Computer Vision)/1st Raw_Data/Corn/Final_Combined/Northern_Leaf_Blight/Corn_Northern_Leaf_Blight_0326.jpg,Northern_Leaf_Blight,2,train
/content/drive/MyDrive/Plant Disease Detection (Computer Vision)/1st Raw_Data/Corn/Final_Combined/Common_Rust/Corn_Common_Rust_0551.jpg,Common_Rust,1,train
/content/drive/MyDrive/Plant Disease Detection (Computer Vision)/1st Raw_Data/Corn/Final_Combined/Northern_Leaf_Blight/Corn_Northern_Leaf_Blight_0355.jpg,Northern_Leaf_Blight,2,train
/content/drive/MyDrive/Plant Disease Detection (Computer Vision)/1st Raw_Data/Corn/Final_Combined/Common_Rust/Corn_Common_Rust_0172.jpg,Common_Rust,1,train
/content/drive/MyDrive/Plant Disease Detection (Computer Vision)/1st Raw_Data/Corn/Final_Combined/Common_Rust/Corn_Common_Rust_0457.jpg,Common_Rust,1,train
/content/drive/MyDrive/Plant Disease Detection (Computer Vision)/1st Raw_Data/Corn/Final_Combined/Healthy/Corn_Healthy_0114.jpg,Healthy,0,train
/content/drive/MyDrive/Plant Disease Detection (Computer Vision)/1st Raw_Data/Corn/Final_Combined/Healthy/Corn_Healthy_0006.jpg,Healthy,0,train
/content/drive/MyDrive/Plant Disease Detection (Computer Vision)/1st Raw_Data/Corn/Final_Combined/Healthy/Corn_Healthy_0340.jpg,Healthy,0,train
/content/drive/MyDrive/Plant Disease Detection (Computer Vision)/1st Raw_Data/Corn/Final_Combined/Healthy/Corn_Healthy_0378.jpg,Healthy,0,train
/content/drive/MyDrive/Plant Disease Detection (Computer Vision)/1st Raw_Data/Corn/Final_Combined/Common_Rust/Corn_Common_Rust_0227.jpg,Common_Rust,1,train
/content/drive/MyDrive/Plant Disease Detection (Computer Vision)/1st Raw_Data/Corn/Final_Combined/Common_Rust/Corn_Common_Rust_0580.jpg,Common_Rust,1,train
/content/drive/MyDrive/Plant Disease Detection (Computer Vision)/1st Raw_Data/Corn/Final_Combined/Common_Rust/Corn_Common_Rust_0323.jpg,Common_Rust,1,train
/content/drive/MyDrive/Plant Disease Detection (Computer Vision)/1st Raw_Data/Corn/Final_Combined/Healthy/Corn_Healthy_0351.jpg,Healthy,0,train
/content/drive/MyDrive/Plant Disease Detection (Computer Vision)/1st Raw_Data/Corn/Final_Combined/Common_Rust/Corn_Common_Rust_0314.jpg,Common_Rust,1,train
/content/drive/MyDrive/Plant Disease Detection (Computer Vision)/1st Raw_Data/Corn/Final_Combined/Northern_Leaf_Blight/Corn_Northern_Leaf_Blight_0366.jpg,Northern_Leaf_Blight,2,train
/content/drive/MyDrive/Plant Disease Detection (Computer Vision)/1st Raw_Data/Corn/Final_Combined/Northern_Leaf_Blight/Corn_Northern_Leaf_Blight_0584.jpg,Northern_Leaf_Blight,2,train
/content/drive/MyDrive/Plant Disease Detection (Computer Vision)/1st Raw_Data/Corn/Final_Combined/Healthy/Corn_Healthy_0440.jpg,Healthy,0,train
/content/drive/MyDrive/Plant Disease Detection (Computer Vision)/1st Raw_Data/Corn/Final_Combined/Common_Rust/Corn_Common_Rust_0329.jpg,Common_Rust,1,train
/content/drive/MyDrive/Plant Disease Detection (Computer Vision)/1st Raw_Data/Corn/Final_Combined/Northern_Leaf_Blight/Corn_Northern_Leaf_Blight_0542.jpg,Northern_Leaf_Blight,2,train
/content/drive/MyDrive/Plant Disease Detection (Computer Vision)/1st Raw_Data/Corn/Final_Combined/Northern_Leaf_Blight/Corn_Northern_Leaf_Blight_0031.jpg,Northern_Leaf_Blight,2,train
/content/drive/MyDrive/Plant Disease Detection (Computer Vision)/1st Raw_Data/Corn/Final_Combined/Common_Rust/Corn_Common_Rust_0342.jpg,Common_Rust,1,train
/content/drive/MyDrive/Plant Disease Detection (Computer Vision)/1st Raw_Data/Corn/Final_Combined/Northern_Leaf_Blight/Corn_Northern_Leaf_Blight_0095.jpg,Northern_Leaf_Blight,2,train
/content/drive/MyDrive/Plant Disease Detection (Computer Vision)/1st Raw_Data/Corn/Final_Combined/Common_Rust/Corn_Common_Rust_0253.jpg,Common_Rust,1,train
/content/drive/MyDrive/Plant Disease Detection (Computer Vision)/1st Raw_Data/Corn/Final_Combined/Healthy/Corn_Healthy_0501.jpg,Healthy,0,train
/content/drive/MyDrive/Plant Disease Detection (Computer Vision)/1st Raw_Data/Corn/Final_Combined/Healthy/Corn_Healthy_0302.jpg,Healthy,0,train
/content/drive/MyDrive/Plant Disease Detection (Computer Vision)/1st Raw_Data/Corn/Final_Combined/Northern_Leaf_Blight/Corn_Northern_Leaf_Blight_0264.jpg,Northern_Leaf_Blight,2,train
/content/drive/MyDrive/Plant Disease Detection (Computer Vision)/1st Raw_Data/Corn/Final_Combined/Northern_Leaf_Blight/Corn_Northern_Leaf_Blight_0291.jpg,Northern_Leaf_Blight,2,train
/content/drive/MyDrive/Plant Disease Detection (Computer Vision)/1st Raw_Data/Corn/Final_Combined/Healthy/Corn_Healthy_0513.jpg,Healthy,0,train
/content/drive/MyDrive/Plant Disease Detection (Computer Vision)/1st Raw_Data/Corn/Final_Combined/Healthy/Corn_Healthy_0453.jpg,Healthy,0,train
/content/drive/MyDrive/Plant Disease Detection (Computer Vision)/1st Raw_Data/Corn/Final_Combined/Northern_Leaf_Blight/Corn_Northern_Leaf_Blight_0556.jpg,Northern_Leaf_Blight,2,train
/content/drive/MyDrive/Plant Disease Detection (Computer Vision)/1st Raw_Data/Corn/Final_Combined/Healthy/Corn_Healthy_0144.jpg,Healthy,0,train
/content/drive/MyDrive/Plant Disease Detection (Computer Vision)/1st Raw_Data/Corn/Final_Combined/Healthy/Corn_Healthy_0077.jpg,Healthy,0,train
/content/drive/MyDrive/Plant Disease Detection (Computer Vision)/1st Raw_Data/Corn/Final_Combined/Northern_Leaf_Blight/Corn_Northern_Leaf_Blight_0385.jpg,Northern_Leaf_Blight,2,train
/content/drive/MyDrive/Plant Disease Detection (Computer Vision)/1st Raw_Data/Corn/Final_Combined/Common_Rust/Corn_Common_Rust_0123.jpg,Common_Rust,1,train
/content/drive/MyDrive/Plant Disease Detection (Computer Vision)/1st Raw_Data/Corn/Final_Combined/Healthy/Corn_Healthy_0557.jpg,Healthy,0,train
/content/drive/MyDrive/Plant Disease Detection (Computer Vision)/1st Raw_Data/Corn/Final_Combined/Northern_Leaf_Blight/Corn_Northern_Leaf_Blight_0335.jpg,Northern_Leaf_Blight,2,train
/content/drive/MyDrive/Plant Disease Detection (Computer Vision)/1st Raw_Data/Corn/Final_Combined/Healthy/Corn_Healthy_0408.jpg,Healthy,0,train
/content/drive/MyDrive/Plant Disease Detection (Computer Vision)/1st Raw_Data/Corn/Final_Combined/Healthy/Corn_Healthy_0268.jpg,Healthy,0,train
/content/drive/MyDrive/Plant Disease Detection (Computer Vision)/1st Raw_Data/Corn/Final_Combined/Healthy/Corn_Healthy_0263.jpg,Healthy,0,train
/content/drive/MyDrive/Plant Disease Detection (Computer Vision)/1st Raw_Data/Corn/Final_Combined/Northern_Leaf_Blight/Corn_Northern_Leaf_Blight_0519.jpg,Northern_Leaf_Blight,2,train
/content/drive/MyDrive/Plant Disease Detection (Computer Vision)/1st Raw_Data/Corn/Final_Combined/Common_Rust/Corn_Common_Rust_0566.jpg,Common_Rust,1,train
/content/drive/MyDrive/Plant Disease Detection (Computer Vision)/1st Raw_Data/Corn/Final_Combined/Common_Rust/Corn_Common_Rust_0383.jpg,Common_Rust,1,train
/content/drive/MyDrive/Plant Disease Detection (Computer Vision)/1st Raw_Data/Corn/Final_Combined/Healthy/Corn_Healthy_0575.jpg,Healthy,0,train
/content/drive/MyDrive/Plant Disease Detection (Computer Vision)/1st Raw_Data/Corn/Final_Combined/Healthy/Corn_Healthy_0370.jpg,Healthy,0,train
/content/drive/MyDrive/Plant Disease Detection (Computer Vision)/1st Raw_Data/Corn/Final_Combined/Healthy/Corn_Healthy_0529.jpg,Healthy,0,train
/content/drive/MyDrive/Plant Disease Detection (Computer Vision)/1st Raw_Data/Corn/Final_Combined/Northern_Leaf_Blight/Corn_Northern_Leaf_Blight_0425.jpg,Northern_Leaf_Blight,2,train
/content/drive/MyDrive/Plant Disease Detection (Computer Vision)/1st Raw_Data/Corn/Final_Combined/Healthy/Corn_Healthy_0094.jpg,Healthy,0,train
/content/drive/MyDrive/Plant Disease Detection (Computer Vision)/1st Raw_Data/Corn/Final_Combined/Northern_Leaf_Blight/Corn_Northern_Leaf_Blight_0562.jpg,Northern_Leaf_Blight,2,train
/content/drive/MyDrive/Plant Disease Detection (Computer Vision)/1st Raw_Data/Corn/Final_Combined/Common_Rust/Corn_Common_Rust_0552.jpg,Common_Rust,1,train
/content/drive/MyDrive/Plant Disease Detection (Computer Vision)/1st Raw_Data/Corn/Final_Combined/Northern_Leaf_Blight/Corn_Northern_Leaf_Blight_0237.jpg,Northern_Leaf_Blight,2,train
/content/drive/MyDrive/Plant Disease Detection (Computer Vision)/1st Raw_Data/Corn/Final_Combined/Healthy/Corn_Healthy_0324.jpg,Healthy,0,train
/content/drive/MyDrive/Plant Disease Detection (Computer Vision)/1st Raw_Data/Corn/Final_Combined/Common_Rust/Corn_Common_Rust_0504.jpg,Common_Rust,1,train
/content/drive/MyDrive/Plant Disease Detection (Computer Vision)/1st Raw_Data/Corn/Final_Combined/Healthy/Corn_Healthy_0400.jpg,Healthy,0,train
/content/drive/MyDrive/Plant Disease Detection (Computer Vision)/1st Raw_Data/Corn/Final_Combined/Healthy/Corn_Healthy_0380.jpg,Healthy,0,train
/content/drive/MyDrive/Plant Disease Detection (Computer Vision)/1st Raw_Data/Corn/Final_Combined/Healthy/Corn_Healthy_0580.jpg,Healthy,0,train
/content/drive/MyDrive/Plant Disease Detection (Computer Vision)/1st Raw_Data/Corn/Final_Combined/Northern_Leaf_Blight/Corn_Northern_Leaf_Blight_0540.jpg,Northern_Leaf_Blight,2,train
/content/drive/MyDrive/Plant Disease Detection (Computer Vision)/1st Raw_Data/Corn/Final_Combined/Healthy/Corn_Healthy_0428.jpg,Healthy,0,train
/content/drive/MyDrive/Plant Disease Detection (Computer Vision)/1st Raw_Data/Corn/Final_Combined/Northern_Leaf_Blight/Corn_Northern_Leaf_Blight_0035.jpg,Northern_Leaf_Blight,2,train
/content/drive/MyDrive/Plant Disease Detection (Computer Vision)/1st Raw_Data/Corn/Final_Combined/Northern_Leaf_Blight/Corn_Northern_Leaf_Blight_0420.jpg,Northern_Leaf_Blight,2,train
/content/drive/MyDrive/Plant Disease Detection (Computer Vision)/1st Raw_Data/Corn/Final_Combined/Northern_Leaf_Blight/Corn_Northern_Leaf_Blight_0302.jpg,Northern_Leaf_Blight,2,train
/content/drive/MyDrive/Plant Disease Detection (Computer Vision)/1st Raw_Data/Corn/Final_Combined/Northern_Leaf_Blight/Corn_Northern_Leaf_Blight_0358.jpg,Northern_Leaf_Blight,2,train
/content/drive/MyDrive/Plant Disease Detection (Computer Vision)/1st Raw_Data/Corn/Final_Combined/Northern_Leaf_Blight/Corn_Northern_Leaf_Blight_0304.jpg,Northern_Leaf_Blight,2,train
/content/drive/MyDrive/Plant Disease Detection (Computer Vision)/1st Raw_Data/Corn/Final_Combined/Common_Rust/Corn_Common_Rust_0173.jpg,Common_Rust,1,train
/content/drive/MyDrive/Plant Disease Detection (Computer Vision)/1st Raw_Data/Corn/Final_Combined/Common_Rust/Corn_Common_Rust_0596.jpg,Common_Rust,1,train
/content/drive/MyDrive/Plant Disease Detection (Computer Vision)/1st Raw_Data/Corn/Final_Combined/Northern_Leaf_Blight/Corn_Northern_Leaf_Blight_0364.jpg,Northern_Leaf_Blight,2,train
/content/drive/MyDrive/Plant Disease Detection (Computer Vision)/1st Raw_Data/Corn/Final_Combined/Northern_Leaf_Blight/Corn_Northern_Leaf_Blight_0517.jpg,Northern_Leaf_Blight,2,train
/content/drive/MyDrive/Plant Disease Detection (Computer Vision)/1st Raw_Data/Corn/Final_Combined/Healthy/Corn_Healthy_0304.jpg,Healthy,0,train
/content/drive/MyDrive/Plant Disease Detection (Computer Vision)/1st Raw_Data/Corn/Final_Combined/Common_Rust/Corn_Common_Rust_0360.jpg,Common_Rust,1,train
/content/drive/MyDrive/Plant Disease Detection (Computer Vision)/1st Raw_Data/Corn/Final_Combined/Northern_Leaf_Blight/Corn_Northern_Leaf_Blight_0588.jpg,Northern_Leaf_Blight,2,train
/content/drive/MyDrive/Plant Disease Detection (Computer Vision)/1st Raw_Data/Corn/Final_Combined/Northern_Leaf_Blight/Corn_Northern_Leaf_Blight_0041.jpg,Northern_Leaf_Blight,2,train
/content/drive/MyDrive/Plant Disease Detection (Computer Vision)/1st Raw_Data/Corn/Final_Combined/Common_Rust/Corn_Common_Rust_0381.jpg,Common_Rust,1,train
/content/drive/MyDrive/Plant Disease Detection (Computer Vision)/1st Raw_Data/Corn/Final_Combined/Northern_Leaf_Blight/Corn_Northern_Leaf_Blight_0466.jpg,Northern_Leaf_Blight,2,train
/content/drive/MyDrive/Plant Disease Detection (Computer Vision)/1st Raw_Data/Corn/Final_Combined/Common_Rust/Corn_Common_Rust_0279.jpg,Common_Rust,1,train
/content/drive/MyDrive/Plant Disease Detection (Computer Vision)/1st Raw_Data/Corn/Final_Combined/Northern_Leaf_Blight/Corn_Northern_Leaf_Blight_0098.jpg,Northern_Leaf_Blight,2,train
/content/drive/MyDrive/Plant Disease Detection (Computer Vision)/1st Raw_Data/Corn/Final_Combined/Common_Rust/Corn_Common_Rust_0352.jpg,Common_Rust,1,train
/content/drive/MyDrive/Plant Disease Detection (Computer Vision)/1st Raw_Data/Corn/Final_Combined/Healthy/Corn_Healthy_0510.jpg,Healthy,0,train
/content/drive/MyDrive/Plant Disease Detection (Computer Vision)/1st Raw_Data/Corn/Final_Combined/Northern_Leaf_Blight/Corn_Northern_Leaf_Blight_0431.jpg,Northern_Leaf_Blight,2,train
/content/drive/MyDrive/Plant Disease Detection (Computer Vision)/1st Raw_Data/Corn/Final_Combined/Northern_Leaf_Blight/Corn_Northern_Leaf_Blight_0081.jpg,Northern_Leaf_Blight,2,train
/content/drive/MyDrive/Plant Disease Detection (Computer Vision)/1st Raw_Data/Corn/Final_Combined/Common_Rust/Corn_Common_Rust_0414.jpg,Common_Rust,1,train
/content/drive/MyDrive/Plant Disease Detection (Computer Vision)/1st Raw_Data/Corn/Final_Combined/Common_Rust/Corn_Common_Rust_0373.jpg,Common_Rust,1,train
/content/drive/MyDrive/Plant Disease Detection (Computer Vision)/1st Raw_Data/Corn/Final_Combined/Common_Rust/Corn_Common_Rust_0452.jpg,Common_Rust,1,train
/content/drive/MyDrive/Plant Disease Detection (Computer Vision)/1st Raw_Data/Corn/Final_Combined/Healthy/Corn_Healthy_0200.jpg,Healthy,0,train
/content/drive/MyDrive/Plant Disease Detection (Computer Vision)/1st Raw_Data/Corn/Final_Combined/Common_Rust/Corn_Common_Rust_0570.jpg,Common_Rust,1,train
/content/drive/MyDrive/Plant Disease Detection (Computer Vision)/1st Raw_Data/Corn/Final_Combined/Northern_Leaf_Blight/Corn_Northern_Leaf_Blight_0153.jpg,Northern_Leaf_Blight,2,train
/content/drive/MyDrive/Plant Disease Detection (Computer Vision)/1st Raw_Data/Corn/Final_Combined/Northern_Leaf_Blight/Corn_Northern_Leaf_Blight_0229.jpg,Northern_Leaf_Blight,2,train
/content/drive/MyDrive/Plant Disease Detection (Computer Vision)/1st Raw_Data/Corn/Final_Combined/Healthy/Corn_Healthy_0425.jpg,Healthy,0,train
/content/drive/MyDrive/Plant Disease Detection (Computer Vision)/1st Raw_Data/Corn/Final_Combined/Common_Rust/Corn_Common_Rust_0036.jpg,Common_Rust,1,train
/content/drive/MyDrive/Plant Disease Detection (Computer Vision)/1st Raw_Data/Corn/Final_Combined/Common_Rust/Corn_Common_Rust_0146.jpg,Common_Rust,1,train
/content/drive/MyDrive/Plant Disease Detection (Computer Vision)/1st Raw_Data/Corn/Final_Combined/Common_Rust/Corn_Common_Rust_0410.jpg,Common_Rust,1,train
/content/drive/MyDrive/Plant Disease Detection (Computer Vision)/1st Raw_Data/Corn/Final_Combined/Healthy/Corn_Healthy_0216.jpg,Healthy,0,train
/content/drive/MyDrive/Plant Disease Detection (Computer Vision)/1st Raw_Data/Corn/Final_Combined/Healthy/Corn_Healthy_0434.jpg,Healthy,0,train
/content/drive/MyDrive/Plant Disease Detection (Computer Vision)/1st Raw_Data/Corn/Final_Combined/Northern_Leaf_Blight/Corn_Northern_Leaf_Blight_0330.jpg,Northern_Leaf_Blight,2,train
/content/drive/MyDrive/Plant Disease Detection (Computer Vision)/1st Raw_Data/Corn/Final_Combined/Common_Rust/Corn_Common_Rust_0151.jpg,Common_Rust,1,train
/content/drive/MyDrive/Plant Disease Detection (Computer Vision)/1st Raw_Data/Corn/Final_Combined/Healthy/Corn_Healthy_0362.jpg,Healthy,0,train
/content/drive/MyDrive/Plant Disease Detection (Computer Vision)/1st Raw_Data/Corn/Final_Combined/Common_Rust/Corn_Common_Rust_0595.jpg,Common_Rust,1,train
/content/drive/MyDrive/Plant Disease Detection (Computer Vision)/1st Raw_Data/Corn/Final_Combined/Healthy/Corn_Healthy_0439.jpg,Healthy,0,train
/content/drive/MyDrive/Plant Disease Detection (Computer Vision)/1st Raw_Data/Corn/Final_Combined/Northern_Leaf_Blight/Corn_Northern_Leaf_Blight_0374.jpg,Northern_Leaf_Blight,2,train
/content/drive/MyDrive/Plant Disease Detection (Computer Vision)/1st Raw_Data/Corn/Final_Combined/Northern_Leaf_Blight/Corn_Northern_Leaf_Blight_0318.jpg,Northern_Leaf_Blight,2,train
/content/drive/MyDrive/Plant Disease Detection (Computer Vision)/1st Raw_Data/Corn/Final_Combined/Northern_Leaf_Blight/Corn_Northern_Leaf_Blight_0328.jpg,Northern_Leaf_Blight,2,train
/content/drive/MyDrive/Plant Disease Detection (Computer Vision)/1st Raw_Data/Corn/Final_Combined/Healthy/Corn_Healthy_0410.jpg,Healthy,0,train
/content/drive/MyDrive/Plant Disease Detection (Computer Vision)/1st Raw_Data/Corn/Final_Combined/Common_Rust/Corn_Common_Rust_0078.jpg,Common_Rust,1,train
/content/drive/MyDrive/Plant Disease Detection (Computer Vision)/1st Raw_Data/Corn/Final_Combined/Northern_Leaf_Blight/Corn_Northern_Leaf_Blight_0131.jpg,Northern_Leaf_Blight,2,train
/content/drive/MyDrive/Plant Disease Detection (Computer Vision)/1st Raw_Data/Corn/Final_Combined/Healthy/Corn_Healthy_0205.jpg,Healthy,0,train
/content/drive/MyDrive/Plant Disease Detection (Computer Vision)/1st Raw_Data/Corn/Final_Combined/Healthy/Corn_Healthy_0548.jpg,Healthy,0,train
/content/drive/MyDrive/Plant Disease Detection (Computer Vision)/1st Raw_Data/Corn/Final_Combined/Northern_Leaf_Blight/Corn_Northern_Leaf_Blight_0191.jpg,Northern_Leaf_Blight,2,train
/content/drive/MyDrive/Plant Disease Detection (Computer Vision)/1st Raw_Data/Corn/Final_Combined/Healthy/Corn_Healthy_0247.jpg,Healthy,0,train
/content/drive/MyDrive/Plant Disease Detection (Computer Vision)/1st Raw_Data/Corn/Final_Combined/Common_Rust/Corn_Common_Rust_0436.jpg,Common_Rust,1,train
/content/drive/MyDrive/Plant Disease Detection (Computer Vision)/1st Raw_Data/Corn/Final_Combined/Common_Rust/Corn_Common_Rust_0098.jpg,Common_Rust,1,train
/content/drive/MyDrive/Plant Disease Detection (Computer Vision)/1st Raw_Data/Corn/Final_Combined/Healthy/Corn_Healthy_0443.jpg,Healthy,0,train
/content/drive/MyDrive/Plant Disease Detection (Computer Vision)/1st Raw_Data/Corn/Final_Combined/Northern_Leaf_Blight/Corn_Northern_Leaf_Blight_0371.jpg,Northern_Leaf_Blight,2,train
/content/drive/MyDrive/Plant Disease Detection (Computer Vision)/1st Raw_Data/Corn/Final_Combined/Healthy/Corn_Healthy_0544.jpg,Healthy,0,train
/content/drive/MyDrive/Plant Disease Detection (Computer Vision)/1st Raw_Data/Corn/Final_Combined/Northern_Leaf_Blight/Corn_Northern_Leaf_Blight_0004.jpg,Northern_Leaf_Blight,2,train
/content/drive/MyDrive/Plant Disease Detection (Computer Vision)/1st Raw_Data/Corn/Final_Combined/Healthy/Corn_Healthy_0213.jpg,Healthy,0,train
/content/drive/MyDrive/Plant Disease Detection (Computer Vision)/1st Raw_Data/Corn/Final_Combined/Common_Rust/Corn_Common_Rust_0099.jpg,Common_Rust,1,train
/content/drive/MyDrive/Plant Disease Detection (Computer Vision)/1st Raw_Data/Corn/Final_Combined/Healthy/Corn_Healthy_0070.jpg,Healthy,0,train
/content/drive/MyDrive/Plant Disease Detection (Computer Vision)/1st Raw_Data/Corn/Final_Combined/Healthy/Corn_Healthy_0433.jpg,Healthy,0,train
/content/drive/MyDrive/Plant Disease Detection (Computer Vision)/1st Raw_Data/Corn/Final_Combined/Common_Rust/Corn_Common_Rust_0190.jpg,Common_Rust,1,train
/content/drive/MyDrive/Plant Disease Detection (Computer Vision)/1st Raw_Data/Corn/Final_Combined/Northern_Leaf_Blight/Corn_Northern_Leaf_Blight_0373.jpg,Northern_Leaf_Blight,2,train
/content/drive/MyDrive/Plant Disease Detection (Computer Vision)/1st Raw_Data/Corn/Final_Combined/Northern_Leaf_Blight/Corn_Northern_Leaf_Blight_0137.jpg,Northern_Leaf_Blight,2,train
/content/drive/MyDrive/Plant Disease Detection (Computer Vision)/1st Raw_Data/Corn/Final_Combined/Common_Rust/Corn_Common_Rust_0109.jpg,Common_Rust,1,train
/content/drive/MyDrive/Plant Disease Detection (Computer Vision)/1st Raw_Data/Corn/Final_Combined/Common_Rust/Corn_Common_Rust_0592.jpg,Common_Rust,1,train
/content/drive/MyDrive/Plant Disease Detection (Computer Vision)/1st Raw_Data/Corn/Final_Combined/Healthy/Corn_Healthy_0282.jpg,Healthy,0,train
/content/drive/MyDrive/Plant Disease Detection (Computer Vision)/1st Raw_Data/Corn/Final_Combined/Northern_Leaf_Blight/Corn_Northern_Leaf_Blight_0280.jpg,Northern_Leaf_Blight,2,train
/content/drive/MyDrive/Plant Disease Detection (Computer Vision)/1st Raw_Data/Corn/Final_Combined/Healthy/Corn_Healthy_0262.jpg,Healthy,0,train
/content/drive/MyDrive/Plant Disease Detection (Computer Vision)/1st Raw_Data/Corn/Final_Combined/Healthy/Corn_Healthy_0509.jpg,Healthy,0,train
/content/drive/MyDrive/Plant Disease Detection (Computer Vision)/1st Raw_Data/Corn/Final_Combined/Common_Rust/Corn_Common_Rust_0524.jpg,Common_Rust,1,train
/content/drive/MyDrive/Plant Disease Detection (Computer Vision)/1st Raw_Data/Corn/Final_Combined/Northern_Leaf_Blight/Corn_Northern_Leaf_Blight_0003.jpg,Northern_Leaf_Blight,2,train
/content/drive/MyDrive/Plant Disease Detection (Computer Vision)/1st Raw_Data/Corn/Final_Combined/Northern_Leaf_Blight/Corn_Northern_Leaf_Blight_0065.jpg,Northern_Leaf_Blight,2,train
/content/drive/MyDrive/Plant Disease Detection (Computer Vision)/1st Raw_Data/Corn/Final_Combined/Northern_Leaf_Blight/Corn_Northern_Leaf_Blight_0509.jpg,Northern_Leaf_Blight,2,train
/content/drive/MyDrive/Plant Disease Detection (Computer Vision)/1st Raw_Data/Corn/Final_Combined/Common_Rust/Corn_Common_Rust_0384.jpg,Common_Rust,1,train
/content/drive/MyDrive/Plant Disease Detection (Computer Vision)/1st Raw_Data/Corn/Final_Combined/Northern_Leaf_Blight/Corn_Northern_Leaf_Blight_0126.jpg,Northern_Leaf_Blight,2,train
/content/drive/MyDrive/Plant Disease Detection (Computer Vision)/1st Raw_Data/Corn/Final_Combined/Northern_Leaf_Blight/Corn_Northern_Leaf_Blight_0437.jpg,Northern_Leaf_Blight,2,train
/content/drive/MyDrive/Plant Disease Detection (Computer Vision)/1st Raw_Data/Corn/Final_Combined/Healthy/Corn_Healthy_0187.jpg,Healthy,0,train
/content/drive/MyDrive/Plant Disease Detection (Computer Vision)/1st Raw_Data/Corn/Final_Combined/Northern_Leaf_Blight/Corn_Northern_Leaf_Blight_0034.jpg,Northern_Leaf_Blight,2,train
/content/drive/MyDrive/Plant Disease Detection (Computer Vision)/1st Raw_Data/Corn/Final_Combined/Northern_Leaf_Blight/Corn_Northern_Leaf_Blight_0235.jpg,Northern_Leaf_Blight,2,train
/content/drive/MyDrive/Plant Disease Detection (Computer Vision)/1st Raw_Data/Corn/Final_Combined/Healthy/Corn_Healthy_0042.jpg,Healthy,0,train
/content/drive/MyDrive/Plant Disease Detection (Computer Vision)/1st Raw_Data/Corn/Final_Combined/Common_Rust/Corn_Common_Rust_0559.jpg,Common_Rust,1,train
/content/drive/MyDrive/Plant Disease Detection (Computer Vision)/1st Raw_Data/Corn/Final_Combined/Common_Rust/Corn_Common_Rust_0494.jpg,Common_Rust,1,train
/content/drive/MyDrive/Plant Disease Detection (Computer Vision)/1st Raw_Data/Corn/Final_Combined/Northern_Leaf_Blight/Corn_Northern_Leaf_Blight_0590.jpg,Northern_Leaf_Blight,2,train
/content/drive/MyDrive/Plant Disease Detection (Computer Vision)/1st Raw_Data/Corn/Final_Combined/Common_Rust/Corn_Common_Rust_0492.jpg,Common_Rust,1,train
/content/drive/MyDrive/Plant Disease Detection (Computer Vision)/1st Raw_Data/Corn/Final_Combined/Common_Rust/Corn_Common_Rust_0301.jpg,Common_Rust,1,train
/content/drive/MyDrive/Plant Disease Detection (Computer Vision)/1st Raw_Data/Corn/Final_Combined/Common_Rust/Corn_Common_Rust_0160.jpg,Common_Rust,1,train
/content/drive/MyDrive/Plant Disease Detection (Computer Vision)/1st Raw_Data/Corn/Final_Combined/Common_Rust/Corn_Common_Rust_0116.jpg,Common_Rust,1,train
/content/drive/MyDrive/Plant Disease Detection (Computer Vision)/1st Raw_Data/Corn/Final_Combined/Northern_Leaf_Blight/Corn_Northern_Leaf_Blight_0484.jpg,Northern_Leaf_Blight,2,train
/content/drive/MyDrive/Plant Disease Detection (Computer Vision)/1st Raw_Data/Corn/Final_Combined/Northern_Leaf_Blight/Corn_Northern_Leaf_Blight_0226.jpg,Northern_Leaf_Blight,2,train
/content/drive/MyDrive/Plant Disease Detection (Computer Vision)/1st Raw_Data/Corn/Final_Combined/Northern_Leaf_Blight/Corn_Northern_Leaf_Blight_0411.jpg,Northern_Leaf_Blight,2,train
/content/drive/MyDrive/Plant Disease Detection (Computer Vision)/1st Raw_Data/Corn/Final_Combined/Common_Rust/Corn_Common_Rust_0422.jpg,Common_Rust,1,train
/content/drive/MyDrive/Plant Disease Detection (Computer Vision)/1st Raw_Data/Corn/Final_Combined/Healthy/Corn_Healthy_0044.jpg,Healthy,0,train
/content/drive/MyDrive/Plant Disease Detection (Computer Vision)/1st Raw_Data/Corn/Final_Combined/Healthy/Corn_Healthy_0148.jpg,Healthy,0,train
/content/drive/MyDrive/Plant Disease Detection (Computer Vision)/1st Raw_Data/Corn/Final_Combined/Common_Rust/Corn_Common_Rust_0479.jpg,Common_Rust,1,train
/content/drive/MyDrive/Plant Disease Detection (Computer Vision)/1st Raw_Data/Corn/Final_Combined/Common_Rust/Corn_Common_Rust_0022.jpg,Common_Rust,1,train
/content/drive/MyDrive/Plant Disease Detection (Computer Vision)/1st Raw_Data/Corn/Final_Combined/Common_Rust/Corn_Common_Rust_0066.jpg,Common_Rust,1,train
/content/drive/MyDrive/Plant Disease Detection (Computer Vision)/1st Raw_Data/Corn/Final_Combined/Northern_Leaf_Blight/Corn_Northern_Leaf_Blight_0178.jpg,Northern_Leaf_Blight,2,train
/content/drive/MyDrive/Plant Disease Detection (Computer Vision)/1st Raw_Data/Corn/Final_Combined/Common_Rust/Corn_Common_Rust_0074.jpg,Common_Rust,1,train
/content/drive/MyDrive/Plant Disease Detection (Computer Vision)/1st Raw_Data/Corn/Final_Combined/Healthy/Corn_Healthy_0019.jpg,Healthy,0,train
/content/drive/MyDrive/Plant Disease Detection (Computer Vision)/1st Raw_Data/Corn/Final_Combined/Common_Rust/Corn_Common_Rust_0130.jpg,Common_Rust,1,train
/content/drive/MyDrive/Plant Disease Detection (Computer Vision)/1st Raw_Data/Corn/Final_Combined/Healthy/Corn_Healthy_0413.jpg,Healthy,0,train
/content/drive/MyDrive/Plant Disease Detection (Computer Vision)/1st Raw_Data/Corn/Final_Combined/Healthy/Corn_Healthy_0196.jpg,Healthy,0,train
/content/drive/MyDrive/Plant Disease Detection (Computer Vision)/1st Raw_Data/Corn/Final_Combined/Northern_Leaf_Blight/Corn_Northern_Leaf_Blight_0402.jpg,Northern_Leaf_Blight,2,train
/content/drive/MyDrive/Plant Disease Detection (Computer Vision)/1st Raw_Data/Corn/Final_Combined/Healthy/Corn_Healthy_0311.jpg,Healthy,0,train
/content/drive/MyDrive/Plant Disease Detection (Computer Vision)/1st Raw_Data/Corn/Final_Combined/Healthy/Corn_Healthy_0593.jpg,Healthy,0,train
/content/drive/MyDrive/Plant Disease Detection (Computer Vision)/1st Raw_Data/Corn/Final_Combined/Common_Rust/Corn_Common_Rust_0319.jpg,Common_Rust,1,train
/content/drive/MyDrive/Plant Disease Detection (Computer Vision)/1st Raw_Data/Corn/Final_Combined/Common_Rust/Corn_Common_Rust_0517.jpg,Common_Rust,1,train
/content/drive/MyDrive/Plant Disease Detection (Computer Vision)/1st Raw_Data/Corn/Final_Combined/Common_Rust/Corn_Common_Rust_0134.jpg,Common_Rust,1,train
/content/drive/MyDrive/Plant Disease Detection (Computer Vision)/1st Raw_Data/Corn/Final_Combined/Healthy/Corn_Healthy_0087.jpg,Healthy,0,train
/content/drive/MyDrive/Plant Disease Detection (Computer Vision)/1st Raw_Data/Corn/Final_Combined/Common_Rust/Corn_Common_Rust_0539.jpg,Common_Rust,1,train
/content/drive/MyDrive/Plant Disease Detection (Computer Vision)/1st Raw_Data/Corn/Final_Combined/Common_Rust/Corn_Common_Rust_0055.jpg,Common_Rust,1,train
/content/drive/MyDrive/Plant Disease Detection (Computer Vision)/1st Raw_Data/Corn/Final_Combined/Common_Rust/Corn_Common_Rust_0060.jpg,Common_Rust,1,train
/content/drive/MyDrive/Plant Disease Detection (Computer Vision)/1st Raw_Data/Corn/Final_Combined/Northern_Leaf_Blight/Corn_Northern_Leaf_Blight_0051.jpg,Northern_Leaf_Blight,2,train
/content/drive/MyDrive/Plant Disease Detection (Computer Vision)/1st Raw_Data/Corn/Final_Combined/Northern_Leaf_Blight/Corn_Northern_Leaf_Blight_0022.jpg,Northern_Leaf_Blight,2,train
/content/drive/MyDrive/Plant Disease Detection (Computer Vision)/1st Raw_Data/Corn/Final_Combined/Common_Rust/Corn_Common_Rust_0165.jpg,Common_Rust,1,train
/content/drive/MyDrive/Plant Disease Detection (Computer Vision)/1st Raw_Data/Corn/Final_Combined/Healthy/Corn_Healthy_0482.jpg,Healthy,0,train
/content/drive/MyDrive/Plant Disease Detection (Computer Vision)/1st Raw_Data/Corn/Final_Combined/Northern_Leaf_Blight/Corn_Northern_Leaf_Blight_0451.jpg,Northern_Leaf_Blight,2,train
/content/drive/MyDrive/Plant Disease Detection (Computer Vision)/1st Raw_Data/Corn/Final_Combined/Common_Rust/Corn_Common_Rust_0187.jpg,Common_Rust,1,train
/content/drive/MyDrive/Plant Disease Detection (Computer Vision)/1st Raw_Data/Corn/Final_Combined/Northern_Leaf_Blight/Corn_Northern_Leaf_Blight_0518.jpg,Northern_Leaf_Blight,2,train
/content/drive/MyDrive/Plant Disease Detection (Computer Vision)/1st Raw_Data/Corn/Final_Combined/Northern_Leaf_Blight/Corn_Northern_Leaf_Blight_0071.jpg,Northern_Leaf_Blight,2,train
/content/drive/MyDrive/Plant Disease Detection (Computer Vision)/1st Raw_Data/Corn/Final_Combined/Common_Rust/Corn_Common_Rust_0161.jpg,Common_Rust,1,train
/content/drive/MyDrive/Plant Disease Detection (Computer Vision)/1st Raw_Data/Corn/Final_Combined/Northern_Leaf_Blight/Corn_Northern_Leaf_Blight_0182.jpg,Northern_Leaf_Blight,2,train
/content/drive/MyDrive/Plant Disease Detection (Computer Vision)/1st Raw_Data/Corn/Final_Combined/Common_Rust/Corn_Common_Rust_0574.jpg,Common_Rust,1,train
/content/drive/MyDrive/Plant Disease Detection (Computer Vision)/1st Raw_Data/Corn/Final_Combined/Common_Rust/Corn_Common_Rust_0590.jpg,Common_Rust,1,train
/content/drive/MyDrive/Plant Disease Detection (Computer Vision)/1st Raw_Data/Corn/Final_Combined/Healthy/Corn_Healthy_0426.jpg,Healthy,0,train
/content/drive/MyDrive/Plant Disease Detection (Computer Vision)/1st Raw_Data/Corn/Final_Combined/Common_Rust/Corn_Common_Rust_0064.jpg,Common_Rust,1,train
/content/drive/MyDrive/Plant Disease Detection (Computer Vision)/1st Raw_Data/Corn/Final_Combined/Healthy/Corn_Healthy_0524.jpg,Healthy,0,train
/content/drive/MyDrive/Plant Disease Detection (Computer Vision)/1st Raw_Data/Corn/Final_Combined/Common_Rust/Corn_Common_Rust_0572.jpg,Common_Rust,1,train
/content/drive/MyDrive/Plant Disease Detection (Computer Vision)/1st Raw_Data/Corn/Final_Combined/Common_Rust/Corn_Common_Rust_0432.jpg,Common_Rust,1,train
/content/drive/MyDrive/Plant Disease Detection (Computer Vision)/1st Raw_Data/Corn/Final_Combined/Common_Rust/Corn_Common_Rust_0491.jpg,Common_Rust,1,train
/content/drive/MyDrive/Plant Disease Detection (Computer Vision)/1st Raw_Data/Corn/Final_Combined/Northern_Leaf_Blight/Corn_Northern_Leaf_Blight_0570.jpg,Northern_Leaf_Blight,2,train
/content/drive/MyDrive/Plant Disease Detection (Computer Vision)/1st Raw_Data/Corn/Final_Combined/Healthy/Corn_Healthy_0082.jpg,Healthy,0,train
/content/drive/MyDrive/Plant Disease Detection (Computer Vision)/1st Raw_Data/Corn/Final_Combined/Northern_Leaf_Blight/Corn_Northern_Leaf_Blight_0560.jpg,Northern_Leaf_Blight,2,train
/content/drive/MyDrive/Plant Disease Detection (Computer Vision)/1st Raw_Data/Corn/Final_Combined/Northern_Leaf_Blight/Corn_Northern_Leaf_Blight_0152.jpg,Northern_Leaf_Blight,2,train
/content/drive/MyDrive/Plant Disease Detection (Computer Vision)/1st Raw_Data/Corn/Final_Combined/Common_Rust/Corn_Common_Rust_0013.jpg,Common_Rust,1,train
/content/drive/MyDrive/Plant Disease Detection (Computer Vision)/1st Raw_Data/Corn/Final_Combined/Healthy/Corn_Healthy_0511.jpg,Healthy,0,train
/content/drive/MyDrive/Plant Disease Detection (Computer Vision)/1st Raw_Data/Corn/Final_Combined/Northern_Leaf_Blight/Corn_Northern_Leaf_Blight_0515.jpg,Northern_Leaf_Blight,2,train
/content/drive/MyDrive/Plant Disease Detection (Computer Vision)/1st Raw_Data/Corn/Final_Combined/Northern_Leaf_Blight/Corn_Northern_Leaf_Blight_0204.jpg,Northern_Leaf_Blight,2,train
/content/drive/MyDrive/Plant Disease Detection (Computer Vision)/1st Raw_Data/Corn/Final_Combined/Common_Rust/Corn_Common_Rust_0515.jpg,Common_Rust,1,train
/content/drive/MyDrive/Plant Disease Detection (Computer Vision)/1st Raw_Data/Corn/Final_Combined/Healthy/Corn_Healthy_0048.jpg,Healthy,0,train
/content/drive/MyDrive/Plant Disease Detection (Computer Vision)/1st Raw_Data/Corn/Final_Combined/Healthy/Corn_Healthy_0240.jpg,Healthy,0,train
/content/drive/MyDrive/Plant Disease Detection (Computer Vision)/1st Raw_Data/Corn/Final_Combined/Northern_Leaf_Blight/Corn_Northern_Leaf_Blight_0062.jpg,Northern_Leaf_Blight,2,train
/content/drive/MyDrive/Plant Disease Detection (Computer Vision)/1st Raw_Data/Corn/Final_Combined/Healthy/Corn_Healthy_0574.jpg,Healthy,0,train
/content/drive/MyDrive/Plant Disease Detection (Computer Vision)/1st Raw_Data/Corn/Final_Combined/Healthy/Corn_Healthy_0029.jpg,Healthy,0,train
/content/drive/MyDrive/Plant Disease Detection (Computer Vision)/1st Raw_Data/Corn/Final_Combined/Common_Rust/Corn_Common_Rust_0405.jpg,Common_Rust,1,train
/content/drive/MyDrive/Plant Disease Detection (Computer Vision)/1st Raw_Data/Corn/Final_Combined/Common_Rust/Corn_Common_Rust_0020.jpg,Common_Rust,1,train
/content/drive/MyDrive/Plant Disease Detection (Computer Vision)/1st Raw_Data/Corn/Final_Combined/Northern_Leaf_Blight/Corn_Northern_Leaf_Blight_0368.jpg,Northern_Leaf_Blight,2,train
/content/drive/MyDrive/Plant Disease Detection (Computer Vision)/1st Raw_Data/Corn/Final_Combined/Healthy/Corn_Healthy_0416.jpg,Healthy,0,train
/content/drive/MyDrive/Plant Disease Detection (Computer Vision)/1st Raw_Data/Corn/Final_Combined/Northern_Leaf_Blight/Corn_Northern_Leaf_Blight_0088.jpg,Northern_Leaf_Blight,2,train
/content/drive/MyDrive/Plant Disease Detection (Computer Vision)/1st Raw_Data/Corn/Final_Combined/Northern_Leaf_Blight/Corn_Northern_Leaf_Blight_0265.jpg,Northern_Leaf_Blight,2,train
/content/drive/MyDrive/Plant Disease Detection (Computer Vision)/1st Raw_Data/Corn/Final_Combined/Northern_Leaf_Blight/Corn_Northern_Leaf_Blight_0415.jpg,Northern_Leaf_Blight,2,train
/content/drive/MyDrive/Plant Disease Detection (Computer Vision)/1st Raw_Data/Corn/Final_Combined/Common_Rust/Corn_Common_Rust_0521.jpg,Common_Rust,1,train
/content/drive/MyDrive/Plant Disease Detection (Computer Vision)/1st Raw_Data/Corn/Final_Combined/Healthy/Corn_Healthy_0464.jpg,Healthy,0,train
/content/drive/MyDrive/Plant Disease Detection (Computer Vision)/1st Raw_Data/Corn/Final_Combined/Healthy/Corn_Healthy_0112.jpg,Healthy,0,train
/content/drive/MyDrive/Plant Disease Detection (Computer Vision)/1st Raw_Data/Corn/Final_Combined/Healthy/Corn_Healthy_0477.jpg,Healthy,0,train
/content/drive/MyDrive/Plant Disease Detection (Computer Vision)/1st Raw_Data/Corn/Final_Combined/Northern_Leaf_Blight/Corn_Northern_Leaf_Blight_0409.jpg,Northern_Leaf_Blight,2,train
/content/drive/MyDrive/Plant Disease Detection (Computer Vision)/1st Raw_Data/Corn/Final_Combined/Common_Rust/Corn_Common_Rust_0016.jpg,Common_Rust,1,train
/content/drive/MyDrive/Plant Disease Detection (Computer Vision)/1st Raw_Data/Corn/Final_Combined/Common_Rust/Corn_Common_Rust_0577.jpg,Common_Rust,1,train
/content/drive/MyDrive/Plant Disease Detection (Computer Vision)/1st Raw_Data/Corn/Final_Combined/Healthy/Corn_Healthy_0290.jpg,Healthy,0,train
/content/drive/MyDrive/Plant Disease Detection (Computer Vision)/1st Raw_Data/Corn/Final_Combined/Healthy/Corn_Healthy_0180.jpg,Healthy,0,train
/content/drive/MyDrive/Plant Disease Detection (Computer Vision)/1st Raw_Data/Corn/Final_Combined/Northern_Leaf_Blight/Corn_Northern_Leaf_Blight_0342.jpg,Northern_Leaf_Blight,2,train
/content/drive/MyDrive/Plant Disease Detection (Computer Vision)/1st Raw_Data/Corn/Final_Combined/Common_Rust/Corn_Common_Rust_0213.jpg,Common_Rust,1,train
/content/drive/MyDrive/Plant Disease Detection (Computer Vision)/1st Raw_Data/Corn/Final_Combined/Healthy/Corn_Healthy_0076.jpg,Healthy,0,train
/content/drive/MyDrive/Plant Disease Detection (Computer Vision)/1st Raw_Data/Corn/Final_Combined/Common_Rust/Corn_Common_Rust_0424.jpg,Common_Rust,1,train
/content/drive/MyDrive/Plant Disease Detection (Computer Vision)/1st Raw_Data/Corn/Final_Combined/Northern_Leaf_Blight/Corn_Northern_Leaf_Blight_0464.jpg,Northern_Leaf_Blight,2,train
/content/drive/MyDrive/Plant Disease Detection (Computer Vision)/1st Raw_Data/Corn/Final_Combined/Common_Rust/Corn_Common_Rust_0061.jpg,Common_Rust,1,train
/content/drive/MyDrive/Plant Disease Detection (Computer Vision)/1st Raw_Data/Corn/Final_Combined/Northern_Leaf_Blight/Corn_Northern_Leaf_Blight_0090.jpg,Northern_Leaf_Blight,2,train
/content/drive/MyDrive/Plant Disease Detection (Computer Vision)/1st Raw_Data/Corn/Final_Combined/Northern_Leaf_Blight/Corn_Northern_Leaf_Blight_0018.jpg,Northern_Leaf_Blight,2,train
/content/drive/MyDrive/Plant Disease Detection (Computer Vision)/1st Raw_Data/Corn/Final_Combined/Common_Rust/Corn_Common_Rust_0143.jpg,Common_Rust,1,train
/content/drive/MyDrive/Plant Disease Detection (Computer Vision)/1st Raw_Data/Corn/Final_Combined/Healthy/Corn_Healthy_0436.jpg,Healthy,0,train
/content/drive/MyDrive/Plant Disease Detection (Computer Vision)/1st Raw_Data/Corn/Final_Combined/Northern_Leaf_Blight/Corn_Northern_Leaf_Blight_0271.jpg,Northern_Leaf_Blight,2,train
/content/drive/MyDrive/Plant Disease Detection (Computer Vision)/1st Raw_Data/Corn/Final_Combined/Healthy/Corn_Healthy_0057.jpg,Healthy,0,train
/content/drive/MyDrive/Plant Disease Detection (Computer Vision)/1st Raw_Data/Corn/Final_Combined/Northern_Leaf_Blight/Corn_Northern_Leaf_Blight_0481.jpg,Northern_Leaf_Blight,2,train
/content/drive/MyDrive/Plant Disease Detection (Computer Vision)/1st Raw_Data/Corn/Final_Combined/Common_Rust/Corn_Common_Rust_0431.jpg,Common_Rust,1,train
/content/drive/MyDrive/Plant Disease Detection (Computer Vision)/1st Raw_Data/Corn/Final_Combined/Healthy/Corn_Healthy_0339.jpg,Healthy,0,train
/content/drive/MyDrive/Plant Disease Detection (Computer Vision)/1st Raw_Data/Corn/Final_Combined/Northern_Leaf_Blight/Corn_Northern_Leaf_Blight_0005.jpg,Northern_Leaf_Blight,2,train
/content/drive/MyDrive/Plant Disease Detection (Computer Vision)/1st Raw_Data/Corn/Final_Combined/Common_Rust/Corn_Common_Rust_0369.jpg,Common_Rust,1,train
/content/drive/MyDrive/Plant Disease Detection (Computer Vision)/1st Raw_Data/Corn/Final_Combined/Northern_Leaf_Blight/Corn_Northern_Leaf_Blight_0124.jpg,Northern_Leaf_Blight,2,train
/content/drive/MyDrive/Plant Disease Detection (Computer Vision)/1st Raw_Data/Corn/Final_Combined/Northern_Leaf_Blight/Corn_Northern_Leaf_Blight_0257.jpg,Northern_Leaf_Blight,2,train
/content/drive/MyDrive/Plant Disease Detection (Computer Vision)/1st Raw_Data/Corn/Final_Combined/Northern_Leaf_Blight/Corn_Northern_Leaf_Blight_0495.jpg,Northern_Leaf_Blight,2,train
/content/drive/MyDrive/Plant Disease Detection (Computer Vision)/1st Raw_Data/Corn/Final_Combined/Common_Rust/Corn_Common_Rust_0423.jpg,Common_Rust,1,train
/content/drive/MyDrive/Plant Disease Detection (Computer Vision)/1st Raw_Data/Corn/Final_Combined/Healthy/Corn_Healthy_0241.jpg,Healthy,0,train
/content/drive/MyDrive/Plant Disease Detection (Computer Vision)/1st Raw_Data/Corn/Final_Combined/Healthy/Corn_Healthy_0551.jpg,Healthy,0,train
/content/drive/MyDrive/Plant Disease Detection (Computer Vision)/1st Raw_Data/Corn/Final_Combined/Healthy/Corn_Healthy_0013.jpg,Healthy,0,train
/content/drive/MyDrive/Plant Disease Detection (Computer Vision)/1st Raw_Data/Corn/Final_Combined/Common_Rust/Corn_Common_Rust_0024.jpg,Common_Rust,1,train
/content/drive/MyDrive/Plant Disease Detection (Computer Vision)/1st Raw_Data/Corn/Final_Combined/Northern_Leaf_Blight/Corn_Northern_Leaf_Blight_0274.jpg,Northern_Leaf_Blight,2,train
/content/drive/MyDrive/Plant Disease Detection (Computer Vision)/1st Raw_Data/Corn/Final_Combined/Common_Rust/Corn_Common_Rust_0404.jpg,Common_Rust,1,train
/content/drive/MyDrive/Plant Disease Detection (Computer Vision)/1st Raw_Data/Corn/Final_Combined/Healthy/Corn_Healthy_0498.jpg,Healthy,0,train
/content/drive/MyDrive/Plant Disease Detection (Computer Vision)/1st Raw_Data/Corn/Final_Combined/Common_Rust/Corn_Common_Rust_0508.jpg,Common_Rust,1,train
/content/drive/MyDrive/Plant Disease Detection (Computer Vision)/1st Raw_Data/Corn/Final_Combined/Northern_Leaf_Blight/Corn_Northern_Leaf_Blight_0029.jpg,Northern_Leaf_Blight,2,train
/content/drive/MyDrive/Plant Disease Detection (Computer Vision)/1st Raw_Data/Corn/Final_Combined/Healthy/Corn_Healthy_0232.jpg,Healthy,0,train
/content/drive/MyDrive/Plant Disease Detection (Computer Vision)/1st Raw_Data/Corn/Final_Combined/Northern_Leaf_Blight/Corn_Northern_Leaf_Blight_0296.jpg,Northern_Leaf_Blight,2,train
/content/drive/MyDrive/Plant Disease Detection (Computer Vision)/1st Raw_Data/Corn/Final_Combined/Northern_Leaf_Blight/Corn_Northern_Leaf_Blight_0259.jpg,Northern_Leaf_Blight,2,train
/content/drive/MyDrive/Plant Disease Detection (Computer Vision)/1st Raw_Data/Corn/Final_Combined/Northern_Leaf_Blight/Corn_Northern_Leaf_Blight_0110.jpg,Northern_Leaf_Blight,2,train
/content/drive/MyDrive/Plant Disease Detection (Computer Vision)/1st Raw_Data/Corn/Final_Combined/Healthy/Corn_Healthy_0486.jpg,Healthy,0,train
/content/drive/MyDrive/Plant Disease Detection (Computer Vision)/1st Raw_Data/Corn/Final_Combined/Common_Rust/Corn_Common_Rust_0563.jpg,Common_Rust,1,train
/content/drive/MyDrive/Plant Disease Detection (Computer Vision)/1st Raw_Data/Corn/Final_Combined/Northern_Leaf_Blight/Corn_Northern_Leaf_Blight_0239.jpg,Northern_Leaf_Blight,2,train
/content/drive/MyDrive/Plant Disease Detection (Computer Vision)/1st Raw_Data/Corn/Final_Combined/Healthy/Corn_Healthy_0259.jpg,Healthy,0,train
/content/drive/MyDrive/Plant Disease Detection (Computer Vision)/1st Raw_Data/Corn/Final_Combined/Northern_Leaf_Blight/Corn_Northern_Leaf_Blight_0447.jpg,Northern_Leaf_Blight,2,train
/content/drive/MyDrive/Plant Disease Detection (Computer Vision)/1st Raw_Data/Corn/Final_Combined/Healthy/Corn_Healthy_0095.jpg,Healthy,0,train
/content/drive/MyDrive/Plant Disease Detection (Computer Vision)/1st Raw_Data/Corn/Final_Combined/Common_Rust/Corn_Common_Rust_0536.jpg,Common_Rust,1,train
/content/drive/MyDrive/Plant Disease Detection (Computer Vision)/1st Raw_Data/Corn/Final_Combined/Healthy/Corn_Healthy_0332.jpg,Healthy,0,train
/content/drive/MyDrive/Plant Disease Detection (Computer Vision)/1st Raw_Data/Corn/Final_Combined/Healthy/Corn_Healthy_0231.jpg,Healthy,0,train
/content/drive/MyDrive/Plant Disease Detection (Computer Vision)/1st Raw_Data/Corn/Final_Combined/Healthy/Corn_Healthy_0209.jpg,Healthy,0,train
/content/drive/MyDrive/Plant Disease Detection (Computer Vision)/1st Raw_Data/Corn/Final_Combined/Northern_Leaf_Blight/Corn_Northern_Leaf_Blight_0136.jpg,Northern_Leaf_Blight,2,train
/content/drive/MyDrive/Plant Disease Detection (Computer Vision)/1st Raw_Data/Corn/Final_Combined/Northern_Leaf_Blight/Corn_Northern_Leaf_Blight_0261.jpg,Northern_Leaf_Blight,2,train
/content/drive/MyDrive/Plant Disease Detection (Computer Vision)/1st Raw_Data/Corn/Final_Combined/Healthy/Corn_Healthy_0104.jpg,Healthy,0,train
/content/drive/MyDrive/Plant Disease Detection (Computer Vision)/1st Raw_Data/Corn/Final_Combined/Healthy/Corn_Healthy_0342.jpg,Healthy,0,train
/content/drive/MyDrive/Plant Disease Detection (Computer Vision)/1st Raw_Data/Corn/Final_Combined/Common_Rust/Corn_Common_Rust_0493.jpg,Common_Rust,1,train
/content/drive/MyDrive/Plant Disease Detection (Computer Vision)/1st Raw_Data/Corn/Final_Combined/Northern_Leaf_Blight/Corn_Northern_Leaf_Blight_0246.jpg,Northern_Leaf_Blight,2,train
/content/drive/MyDrive/Plant Disease Detection (Computer Vision)/1st Raw_Data/Corn/Final_Combined/Healthy/Corn_Healthy_0275.jpg,Healthy,0,train
/content/drive/MyDrive/Plant Disease Detection (Computer Vision)/1st Raw_Data/Corn/Final_Combined/Healthy/Corn_Healthy_0336.jpg,Healthy,0,train
/content/drive/MyDrive/Plant Disease Detection (Computer Vision)/1st Raw_Data/Corn/Final_Combined/Northern_Leaf_Blight/Corn_Northern_Leaf_Blight_0157.jpg,Northern_Leaf_Blight,2,train
/content/drive/MyDrive/Plant Disease Detection (Computer Vision)/1st Raw_Data/Corn/Final_Combined/Northern_Leaf_Blight/Corn_Northern_Leaf_Blight_0114.jpg,Northern_Leaf_Blight,2,train
/content/drive/MyDrive/Plant Disease Detection (Computer Vision)/1st Raw_Data/Corn/Final_Combined/Northern_Leaf_Blight/Corn_Northern_Leaf_Blight_0587.jpg,Northern_Leaf_Blight,2,train
/content/drive/MyDrive/Plant Disease Detection (Computer Vision)/1st Raw_Data/Corn/Final_Combined/Healthy/Corn_Healthy_0521.jpg,Healthy,0,train
/content/drive/MyDrive/Plant Disease Detection (Computer Vision)/1st Raw_Data/Corn/Final_Combined/Healthy/Corn_Healthy_0432.jpg,Healthy,0,train
/content/drive/MyDrive/Plant Disease Detection (Computer Vision)/1st Raw_Data/Corn/Final_Combined/Northern_Leaf_Blight/Corn_Northern_Leaf_Blight_0498.jpg,Northern_Leaf_Blight,2,train
/content/drive/MyDrive/Plant Disease Detection (Computer Vision)/1st Raw_Data/Corn/Final_Combined/Healthy/Corn_Healthy_0047.jpg,Healthy,0,train
/content/drive/MyDrive/Plant Disease Detection (Computer Vision)/1st Raw_Data/Corn/Final_Combined/Common_Rust/Corn_Common_Rust_0415.jpg,Common_Rust,1,train
/content/drive/MyDrive/Plant Disease Detection (Computer Vision)/1st Raw_Data/Corn/Final_Combined/Northern_Leaf_Blight/Corn_Northern_Leaf_Blight_0462.jpg,Northern_Leaf_Blight,2,train
/content/drive/MyDrive/Plant Disease Detection (Computer Vision)/1st Raw_Data/Corn/Final_Combined/Common_Rust/Corn_Common_Rust_0281.jpg,Common_Rust,1,train
/content/drive/MyDrive/Plant Disease Detection (Computer Vision)/1st Raw_Data/Corn/Final_Combined/Common_Rust/Corn_Common_Rust_0183.jpg,Common_Rust,1,train
/content/drive/MyDrive/Plant Disease Detection (Computer Vision)/1st Raw_Data/Corn/Final_Combined/Healthy/Corn_Healthy_0481.jpg,Healthy,0,train
/content/drive/MyDrive/Plant Disease Detection (Computer Vision)/1st Raw_Data/Corn/Final_Combined/Common_Rust/Corn_Common_Rust_0193.jpg,Common_Rust,1,train
/content/drive/MyDrive/Plant Disease Detection (Computer Vision)/1st Raw_Data/Corn/Final_Combined/Northern_Leaf_Blight/Corn_Northern_Leaf_Blight_0074.jpg,Northern_Leaf_Blight,2,train
/content/drive/MyDrive/Plant Disease Detection (Computer Vision)/1st Raw_Data/Corn/Final_Combined/Northern_Leaf_Blight/Corn_Northern_Leaf_Blight_0592.jpg,Northern_Leaf_Blight,2,train
/content/drive/MyDrive/Plant Disease Detection (Computer Vision)/1st Raw_Data/Corn/Final_Combined/Healthy/Corn_Healthy_0021.jpg,Healthy,0,train
/content/drive/MyDrive/Plant Disease Detection (Computer Vision)/1st Raw_Data/Corn/Final_Combined/Common_Rust/Corn_Common_Rust_0478.jpg,Common_Rust,1,train
/content/drive/MyDrive/Plant Disease Detection (Computer Vision)/1st Raw_Data/Corn/Final_Combined/Common_Rust/Corn_Common_Rust_0387.jpg,Common_Rust,1,train
/content/drive/MyDrive/Plant Disease Detection (Computer Vision)/1st Raw_Data/Corn/Final_Combined/Healthy/Corn_Healthy_0479.jpg,Healthy,0,train
/content/drive/MyDrive/Plant Disease Detection (Computer Vision)/1st Raw_Data/Corn/Final_Combined/Northern_Leaf_Blight/Corn_Northern_Leaf_Blight_0258.jpg,Northern_Leaf_Blight,2,train
/content/drive/MyDrive/Plant Disease Detection (Computer Vision)/1st Raw_Data/Corn/Final_Combined/Healthy/Corn_Healthy_0363.jpg,Healthy,0,train
/content/drive/MyDrive/Plant Disease Detection (Computer Vision)/1st Raw_Data/Corn/Final_Combined/Northern_Leaf_Blight/Corn_Northern_Leaf_Blight_0397.jpg,Northern_Leaf_Blight,2,train
/content/drive/MyDrive/Plant Disease Detection (Computer Vision)/1st Raw_Data/Corn/Final_Combined/Healthy/Corn_Healthy_0328.jpg,Healthy,0,train
/content/drive/MyDrive/Plant Disease Detection (Computer Vision)/1st Raw_Data/Corn/Final_Combined/Common_Rust/Corn_Common_Rust_0542.jpg,Common_Rust,1,train
/content/drive/MyDrive/Plant Disease Detection (Computer Vision)/1st Raw_Data/Corn/Final_Combined/Northern_Leaf_Blight/Corn_Northern_Leaf_Blight_0037.jpg,Northern_Leaf_Blight,2,train
/content/drive/MyDrive/Plant Disease Detection (Computer Vision)/1st Raw_Data/Corn/Final_Combined/Common_Rust/Corn_Common_Rust_0556.jpg,Common_Rust,1,train
/content/drive/MyDrive/Plant Disease Detection (Computer Vision)/1st Raw_Data/Corn/Final_Combined/Common_Rust/Corn_Common_Rust_0331.jpg,Common_Rust,1,train
/content/drive/MyDrive/Plant Disease Detection (Computer Vision)/1st Raw_Data/Corn/Final_Combined/Northern_Leaf_Blight/Corn_Northern_Leaf_Blight_0439.jpg,Northern_Leaf_Blight,2,train
/content/drive/MyDrive/Plant Disease Detection (Computer Vision)/1st Raw_Data/Corn/Final_Combined/Healthy/Corn_Healthy_0039.jpg,Healthy,0,train
/content/drive/MyDrive/Plant Disease Detection (Computer Vision)/1st Raw_Data/Corn/Final_Combined/Northern_Leaf_Blight/Corn_Northern_Leaf_Blight_0024.jpg,Northern_Leaf_Blight,2,train
/content/drive/MyDrive/Plant Disease Detection (Computer Vision)/1st Raw_Data/Corn/Final_Combined/Common_Rust/Corn_Common_Rust_0208.jpg,Common_Rust,1,train
/content/drive/MyDrive/Plant Disease Detection (Computer Vision)/1st Raw_Data/Corn/Final_Combined/Common_Rust/Corn_Common_Rust_0447.jpg,Common_Rust,1,train
/content/drive/MyDrive/Plant Disease Detection (Computer Vision)/1st Raw_Data/Corn/Final_Combined/Common_Rust/Corn_Common_Rust_0152.jpg,Common_Rust,1,train
/content/drive/MyDrive/Plant Disease Detection (Computer Vision)/1st Raw_Data/Corn/Final_Combined/Common_Rust/Corn_Common_Rust_0344.jpg,Common_Rust,1,train
/content/drive/MyDrive/Plant Disease Detection (Computer Vision)/1st Raw_Data/Corn/Final_Combined/Healthy/Corn_Healthy_0385.jpg,Healthy,0,train
/content/drive/MyDrive/Plant Disease Detection (Computer Vision)/1st Raw_Data/Corn/Final_Combined/Healthy/Corn_Healthy_0238.jpg,Healthy,0,train
/content/drive/MyDrive/Plant Disease Detection (Computer Vision)/1st Raw_Data/Corn/Final_Combined/Northern_Leaf_Blight/Corn_Northern_Leaf_Blight_0549.jpg,Northern_Leaf_Blight,2,train
/content/drive/MyDrive/Plant Disease Detection (Computer Vision)/1st Raw_Data/Corn/Final_Combined/Healthy/Corn_Healthy_0441.jpg,Healthy,0,train
/content/drive/MyDrive/Plant Disease Detection (Computer Vision)/1st Raw_Data/Corn/Final_Combined/Northern_Leaf_Blight/Corn_Northern_Leaf_Blight_0413.jpg,Northern_Leaf_Blight,2,train
/content/drive/MyDrive/Plant Disease Detection (Computer Vision)/1st Raw_Data/Corn/Final_Combined/Northern_Leaf_Blight/Corn_Northern_Leaf_Blight_0537.jpg,Northern_Leaf_Blight,2,train
/content/drive/MyDrive/Plant Disease Detection (Computer Vision)/1st Raw_Data/Corn/Final_Combined/Healthy/Corn_Healthy_0537.jpg,Healthy,0,train
/content/drive/MyDrive/Plant Disease Detection (Computer Vision)/1st Raw_Data/Corn/Final_Combined/Healthy/Corn_Healthy_0194.jpg,Healthy,0,train
/content/drive/MyDrive/Plant Disease Detection (Computer Vision)/1st Raw_Data/Corn/Final_Combined/Common_Rust/Corn_Common_Rust_0327.jpg,Common_Rust,1,train
/content/drive/MyDrive/Plant Disease Detection (Computer Vision)/1st Raw_Data/Corn/Final_Combined/Healthy/Corn_Healthy_0338.jpg,Healthy,0,train
/content/drive/MyDrive/Plant Disease Detection (Computer Vision)/1st Raw_Data/Corn/Final_Combined/Common_Rust/Corn_Common_Rust_0370.jpg,Common_Rust,1,train
/content/drive/MyDrive/Plant Disease Detection (Computer Vision)/1st Raw_Data/Corn/Final_Combined/Northern_Leaf_Blight/Corn_Northern_Leaf_Blight_0206.jpg,Northern_Leaf_Blight,2,train
/content/drive/MyDrive/Plant Disease Detection (Computer Vision)/1st Raw_Data/Corn/Final_Combined/Northern_Leaf_Blight/Corn_Northern_Leaf_Blight_0103.jpg,Northern_Leaf_Blight,2,train
/content/drive/MyDrive/Plant Disease Detection (Computer Vision)/1st Raw_Data/Corn/Final_Combined/Northern_Leaf_Blight/Corn_Northern_Leaf_Blight_0367.jpg,Northern_Leaf_Blight,2,train
/content/drive/MyDrive/Plant Disease Detection (Computer Vision)/1st Raw_Data/Corn/Final_Combined/Healthy/Corn_Healthy_0211.jpg,Healthy,0,train
/content/drive/MyDrive/Plant Disease Detection (Computer Vision)/1st Raw_Data/Corn/Final_Combined/Common_Rust/Corn_Common_Rust_0302.jpg,Common_Rust,1,train
/content/drive/MyDrive/Plant Disease Detection (Computer Vision)/1st Raw_Data/Corn/Final_Combined/Common_Rust/Corn_Common_Rust_0600.jpg,Common_Rust,1,train
/content/drive/MyDrive/Plant Disease Detection (Computer Vision)/1st Raw_Data/Corn/Final_Combined/Northern_Leaf_Blight/Corn_Northern_Leaf_Blight_0354.jpg,Northern_Leaf_Blight,2,train
/content/drive/MyDrive/Plant Disease Detection (Computer Vision)/1st Raw_Data/Corn/Final_Combined/Healthy/Corn_Healthy_0270.jpg,Healthy,0,train
/content/drive/MyDrive/Plant Disease Detection (Computer Vision)/1st Raw_Data/Corn/Final_Combined/Healthy/Corn_Healthy_0155.jpg,Healthy,0,train
/content/drive/MyDrive/Plant Disease Detection (Computer Vision)/1st Raw_Data/Corn/Final_Combined/Common_Rust/Corn_Common_Rust_0326.jpg,Common_Rust,1,train
/content/drive/MyDrive/Plant Disease Detection (Computer Vision)/1st Raw_Data/Corn/Final_Combined/Healthy/Corn_Healthy_0456.jpg,Healthy,0,train
/content/drive/MyDrive/Plant Disease Detection (Computer Vision)/1st Raw_Data/Corn/Final_Combined/Common_Rust/Corn_Common_Rust_0092.jpg,Common_Rust,1,train
/content/drive/MyDrive/Plant Disease Detection (Computer Vision)/1st Raw_Data/Corn/Final_Combined/Common_Rust/Corn_Common_Rust_0322.jpg,Common_Rust,1,train
/content/drive/MyDrive/Plant Disease Detection (Computer Vision)/1st Raw_Data/Corn/Final_Combined/Northern_Leaf_Blight/Corn_Northern_Leaf_Blight_0476.jpg,Northern_Leaf_Blight,2,train
/content/drive/MyDrive/Plant Disease Detection (Computer Vision)/1st Raw_Data/Corn/Final_Combined/Northern_Leaf_Blight/Corn_Northern_Leaf_Blight_0211.jpg,Northern_Leaf_Blight,2,train
/content/drive/MyDrive/Plant Disease Detection (Computer Vision)/1st Raw_Data/Corn/Final_Combined/Healthy/Corn_Healthy_0388.jpg,Healthy,0,train
/content/drive/MyDrive/Plant Disease Detection (Computer Vision)/1st Raw_Data/Corn/Final_Combined/Northern_Leaf_Blight/Corn_Northern_Leaf_Blight_0254.jpg,Northern_Leaf_Blight,2,train
/content/drive/MyDrive/Plant Disease Detection (Computer Vision)/1st Raw_Data/Corn/Final_Combined/Northern_Leaf_Blight/Corn_Northern_Leaf_Blight_0245.jpg,Northern_Leaf_Blight,2,train
/content/drive/MyDrive/Plant Disease Detection (Computer Vision)/1st Raw_Data/Corn/Final_Combined/Northern_Leaf_Blight/Corn_Northern_Leaf_Blight_0441.jpg,Northern_Leaf_Blight,2,train
/content/drive/MyDrive/Plant Disease Detection (Computer Vision)/1st Raw_Data/Corn/Final_Combined/Northern_Leaf_Blight/Corn_Northern_Leaf_Blight_0145.jpg,Northern_Leaf_Blight,2,train
/content/drive/MyDrive/Plant Disease Detection (Computer Vision)/1st Raw_Data/Corn/Final_Combined/Healthy/Corn_Healthy_0223.jpg,Healthy,0,train
/content/drive/MyDrive/Plant Disease Detection (Computer Vision)/1st Raw_Data/Corn/Final_Combined/Northern_Leaf_Blight/Corn_Northern_Leaf_Blight_0019.jpg,Northern_Leaf_Blight,2,train
/content/drive/MyDrive/Plant Disease Detection (Computer Vision)/1st Raw_Data/Corn/Final_Combined/Common_Rust/Corn_Common_Rust_0282.jpg,Common_Rust,1,train
/content/drive/MyDrive/Plant Disease Detection (Computer Vision)/1st Raw_Data/Corn/Final_Combined/Northern_Leaf_Blight/Corn_Northern_Leaf_Blight_0173.jpg,Northern_Leaf_Blight,2,train
/content/drive/MyDrive/Plant Disease Detection (Computer Vision)/1st Raw_Data/Corn/Final_Combined/Common_Rust/Corn_Common_Rust_0328.jpg,Common_Rust,1,train
/content/drive/MyDrive/Plant Disease Detection (Computer Vision)/1st Raw_Data/Corn/Final_Combined/Northern_Leaf_Blight/Corn_Northern_Leaf_Blight_0580.jpg,Northern_Leaf_Blight,2,train
/content/drive/MyDrive/Plant Disease Detection (Computer Vision)/1st Raw_Data/Corn/Final_Combined/Healthy/Corn_Healthy_0316.jpg,Healthy,0,train
/content/drive/MyDrive/Plant Disease Detection (Computer Vision)/1st Raw_Data/Corn/Final_Combined/Healthy/Corn_Healthy_0113.jpg,Healthy,0,train
/content/drive/MyDrive/Plant Disease Detection (Computer Vision)/1st Raw_Data/Corn/Final_Combined/Northern_Leaf_Blight/Corn_Northern_Leaf_Blight_0525.jpg,Northern_Leaf_Blight,2,train
/content/drive/MyDrive/Plant Disease Detection (Computer Vision)/1st Raw_Data/Corn/Final_Combined/Healthy/Corn_Healthy_0377.jpg,Healthy,0,train
/content/drive/MyDrive/Plant Disease Detection (Computer Vision)/1st Raw_Data/Corn/Final_Combined/Northern_Leaf_Blight/Corn_Northern_Leaf_Blight_0249.jpg,Northern_Leaf_Blight,2,train
/content/drive/MyDrive/Plant Disease Detection (Computer Vision)/1st Raw_Data/Corn/Final_Combined/Common_Rust/Corn_Common_Rust_0017.jpg,Common_Rust,1,train
/content/drive/MyDrive/Plant Disease Detection (Computer Vision)/1st Raw_Data/Corn/Final_Combined/Healthy/Corn_Healthy_0210.jpg,Healthy,0,train
/content/drive/MyDrive/Plant Disease Detection (Computer Vision)/1st Raw_Data/Corn/Final_Combined/Healthy/Corn_Healthy_0022.jpg,Healthy,0,train
/content/drive/MyDrive/Plant Disease Detection (Computer Vision)/1st Raw_Data/Corn/Final_Combined/Healthy/Corn_Healthy_0030.jpg,Healthy,0,train
/content/drive/MyDrive/Plant Disease Detection (Computer Vision)/1st Raw_Data/Corn/Final_Combined/Healthy/Corn_Healthy_0254.jpg,Healthy,0,train
/content/drive/MyDrive/Plant Disease Detection (Computer Vision)/1st Raw_Data/Corn/Final_Combined/Northern_Leaf_Blight/Corn_Northern_Leaf_Blight_0183.jpg,Northern_Leaf_Blight,2,train
/content/drive/MyDrive/Plant Disease Detection (Computer Vision)/1st Raw_Data/Corn/Final_Combined/Common_Rust/Corn_Common_Rust_0321.jpg,Common_Rust,1,train
/content/drive/MyDrive/Plant Disease Detection (Computer Vision)/1st Raw_Data/Corn/Final_Combined/Common_Rust/Corn_Common_Rust_0553.jpg,Common_Rust,1,train
/content/drive/MyDrive/Plant Disease Detection (Computer Vision)/1st Raw_Data/Corn/Final_Combined/Healthy/Corn_Healthy_0488.jpg,Healthy,0,train
/content/drive/MyDrive/Plant Disease Detection (Computer Vision)/1st Raw_Data/Corn/Final_Combined/Northern_Leaf_Blight/Corn_Northern_Leaf_Blight_0340.jpg,Northern_Leaf_Blight,2,train
/content/drive/MyDrive/Plant Disease Detection (Computer Vision)/1st Raw_Data/Corn/Final_Combined/Common_Rust/Corn_Common_Rust_0430.jpg,Common_Rust,1,train
/content/drive/MyDrive/Plant Disease Detection (Computer Vision)/1st Raw_Data/Corn/Final_Combined/Healthy/Corn_Healthy_0301.jpg,Healthy,0,train
/content/drive/MyDrive/Plant Disease Detection (Computer Vision)/1st Raw_Data/Corn/Final_Combined/Common_Rust/Corn_Common_Rust_0324.jpg,Common_Rust,1,train
/content/drive/MyDrive/Plant Disease Detection (Computer Vision)/1st Raw_Data/Corn/Final_Combined/Healthy/Corn_Healthy_0012.jpg,Healthy,0,train
/content/drive/MyDrive/Plant Disease Detection (Computer Vision)/1st Raw_Data/Corn/Final_Combined/Common_Rust/Corn_Common_Rust_0065.jpg,Common_Rust,1,train
/content/drive/MyDrive/Plant Disease Detection (Computer Vision)/1st Raw_Data/Corn/Final_Combined/Northern_Leaf_Blight/Corn_Northern_Leaf_Blight_0058.jpg,Northern_Leaf_Blight,2,train
/content/drive/MyDrive/Plant Disease Detection (Computer Vision)/1st Raw_Data/Corn/Final_Combined/Healthy/Corn_Healthy_0326.jpg,Healthy,0,train
/content/drive/MyDrive/Plant Disease Detection (Computer Vision)/1st Raw_Data/Corn/Final_Combined/Northern_Leaf_Blight/Corn_Northern_Leaf_Blight_0538.jpg,Northern_Leaf_Blight,2,train
/content/drive/MyDrive/Plant Disease Detection (Computer Vision)/1st Raw_Data/Corn/Final_Combined/Healthy/Corn_Healthy_0181.jpg,Healthy,0,train
/content/drive/MyDrive/Plant Disease Detection (Computer Vision)/1st Raw_Data/Corn/Final_Combined/Healthy/Corn_Healthy_0310.jpg,Healthy,0,train
/content/drive/MyDrive/Plant Disease Detection (Computer Vision)/1st Raw_Data/Corn/Final_Combined/Healthy/Corn_Healthy_0071.jpg,Healthy,0,train
/content/drive/MyDrive/Plant Disease Detection (Computer Vision)/1st Raw_Data/Corn/Final_Combined/Northern_Leaf_Blight/Corn_Northern_Leaf_Blight_0408.jpg,Northern_Leaf_Blight,2,train
/content/drive/MyDrive/Plant Disease Detection (Computer Vision)/1st Raw_Data/Corn/Final_Combined/Northern_Leaf_Blight/Corn_Northern_Leaf_Blight_0482.jpg,Northern_Leaf_Blight,2,train
/content/drive/MyDrive/Plant Disease Detection (Computer Vision)/1st Raw_Data/Corn/Final_Combined/Healthy/Corn_Healthy_0091.jpg,Healthy,0,train
/content/drive/MyDrive/Plant Disease Detection (Computer Vision)/1st Raw_Data/Corn/Final_Combined/Northern_Leaf_Blight/Corn_Northern_Leaf_Blight_0414.jpg,Northern_Leaf_Blight,2,train
/content/drive/MyDrive/Plant Disease Detection (Computer Vision)/1st Raw_Data/Corn/Final_Combined/Northern_Leaf_Blight/Corn_Northern_Leaf_Blight_0048.jpg,Northern_Leaf_Blight,2,train
/content/drive/MyDrive/Plant Disease Detection (Computer Vision)/1st Raw_Data/Corn/Final_Combined/Healthy/Corn_Healthy_0542.jpg,Healthy,0,train
/content/drive/MyDrive/Plant Disease Detection (Computer Vision)/1st Raw_Data/Corn/Final_Combined/Common_Rust/Corn_Common_Rust_0132.jpg,Common_Rust,1,train
/content/drive/MyDrive/Plant Disease Detection (Computer Vision)/1st Raw_Data/Corn/Final_Combined/Northern_Leaf_Blight/Corn_Northern_Leaf_Blight_0200.jpg,Northern_Leaf_Blight,2,train
/content/drive/MyDrive/Plant Disease Detection (Computer Vision)/1st Raw_Data/Corn/Final_Combined/Healthy/Corn_Healthy_0220.jpg,Healthy,0,train
/content/drive/MyDrive/Plant Disease Detection (Computer Vision)/1st Raw_Data/Corn/Final_Combined/Healthy/Corn_Healthy_0035.jpg,Healthy,0,train
/content/drive/MyDrive/Plant Disease Detection (Computer Vision)/1st Raw_Data/Corn/Final_Combined/Healthy/Corn_Healthy_0528.jpg,Healthy,0,train
/content/drive/MyDrive/Plant Disease Detection (Computer Vision)/1st Raw_Data/Corn/Final_Combined/Northern_Leaf_Blight/Corn_Northern_Leaf_Blight_0181.jpg,Northern_Leaf_Blight,2,train
/content/drive/MyDrive/Plant Disease Detection (Computer Vision)/1st Raw_Data/Corn/Final_Combined/Common_Rust/Corn_Common_Rust_0569.jpg,Common_Rust,1,train
/content/drive/MyDrive/Plant Disease Detection (Computer Vision)/1st Raw_Data/Corn/Final_Combined/Common_Rust/Corn_Common_Rust_0005.jpg,Common_Rust,1,train
/content/drive/MyDrive/Plant Disease Detection (Computer Vision)/1st Raw_Data/Corn/Final_Combined/Healthy/Corn_Healthy_0096.jpg,Healthy,0,train
/content/drive/MyDrive/Plant Disease Detection (Computer Vision)/1st Raw_Data/Corn/Final_Combined/Northern_Leaf_Blight/Corn_Northern_Leaf_Blight_0436.jpg,Northern_Leaf_Blight,2,train
/content/drive/MyDrive/Plant Disease Detection (Computer Vision)/1st Raw_Data/Corn/Final_Combined/Common_Rust/Corn_Common_Rust_0429.jpg,Common_Rust,1,train
/content/drive/MyDrive/Plant Disease Detection (Computer Vision)/1st Raw_Data/Corn/Final_Combined/Northern_Leaf_Blight/Corn_Northern_Leaf_Blight_0028.jpg,Northern_Leaf_Blight,2,train
/content/drive/MyDrive/Plant Disease Detection (Computer Vision)/1st Raw_Data/Corn/Final_Combined/Northern_Leaf_Blight/Corn_Northern_Leaf_Blight_0598.jpg,Northern_Leaf_Blight,2,train
/content/drive/MyDrive/Plant Disease Detection (Computer Vision)/1st Raw_Data/Corn/Final_Combined/Common_Rust/Corn_Common_Rust_0169.jpg,Common_Rust,1,train
/content/drive/MyDrive/Plant Disease Detection (Computer Vision)/1st Raw_Data/Corn/Final_Combined/Healthy/Corn_Healthy_0589.jpg,Healthy,0,train
/content/drive/MyDrive/Plant Disease Detection (Computer Vision)/1st Raw_Data/Corn/Final_Combined/Northern_Leaf_Blight/Corn_Northern_Leaf_Blight_0548.jpg,Northern_Leaf_Blight,2,train
/content/drive/MyDrive/Plant Disease Detection (Computer Vision)/1st Raw_Data/Corn/Final_Combined/Healthy/Corn_Healthy_0136.jpg,Healthy,0,train
/content/drive/MyDrive/Plant Disease Detection (Computer Vision)/1st Raw_Data/Corn/Final_Combined/Common_Rust/Corn_Common_Rust_0586.jpg,Common_Rust,1,train
/content/drive/MyDrive/Plant Disease Detection (Computer Vision)/1st Raw_Data/Corn/Final_Combined/Healthy/Corn_Healthy_0118.jpg,Healthy,0,train
/content/drive/MyDrive/Plant Disease Detection (Computer Vision)/1st Raw_Data/Corn/Final_Combined/Common_Rust/Corn_Common_Rust_0325.jpg,Common_Rust,1,train
/content/drive/MyDrive/Plant Disease Detection (Computer Vision)/1st Raw_Data/Corn/Final_Combined/Common_Rust/Corn_Common_Rust_0004.jpg,Common_Rust,1,train
/content/drive/MyDrive/Plant Disease Detection (Computer Vision)/1st Raw_Data/Corn/Final_Combined/Healthy/Corn_Healthy_0531.jpg,Healthy,0,train
/content/drive/MyDrive/Plant Disease Detection (Computer Vision)/1st Raw_Data/Corn/Final_Combined/Healthy/Corn_Healthy_0382.jpg,Healthy,0,train
/content/drive/MyDrive/Plant Disease Detection (Computer Vision)/1st Raw_Data/Corn/Final_Combined/Common_Rust/Corn_Common_Rust_0509.jpg,Common_Rust,1,train
/content/drive/MyDrive/Plant Disease Detection (Computer Vision)/1st Raw_Data/Corn/Final_Combined/Healthy/Corn_Healthy_0392.jpg,Healthy,0,train
/content/drive/MyDrive/Plant Disease Detection (Computer Vision)/1st Raw_Data/Corn/Final_Combined/Healthy/Corn_Healthy_0532.jpg,Healthy,0,train
/content/drive/MyDrive/Plant Disease Detection (Computer Vision)/1st Raw_Data/Corn/Final_Combined/Healthy/Corn_Healthy_0064.jpg,Healthy,0,train
/content/drive/MyDrive/Plant Disease Detection (Computer Vision)/1st Raw_Data/Corn/Final_Combined/Common_Rust/Corn_Common_Rust_0052.jpg,Common_Rust,1,train
/content/drive/MyDrive/Plant Disease Detection (Computer Vision)/1st Raw_Data/Corn/Final_Combined/Northern_Leaf_Blight/Corn_Northern_Leaf_Blight_0407.jpg,Northern_Leaf_Blight,2,train
/content/drive/MyDrive/Plant Disease Detection (Computer Vision)/1st Raw_Data/Corn/Final_Combined/Healthy/Corn_Healthy_0015.jpg,Healthy,0,train
/content/drive/MyDrive/Plant Disease Detection (Computer Vision)/1st Raw_Data/Corn/Final_Combined/Common_Rust/Corn_Common_Rust_0113.jpg,Common_Rust,1,train
/content/drive/MyDrive/Plant Disease Detection (Computer Vision)/1st Raw_Data/Corn/Final_Combined/Healthy/Corn_Healthy_0313.jpg,Healthy,0,train
/content/drive/MyDrive/Plant Disease Detection (Computer Vision)/1st Raw_Data/Corn/Final_Combined/Healthy/Corn_Healthy_0583.jpg,Healthy,0,train
/content/drive/MyDrive/Plant Disease Detection (Computer Vision)/1st Raw_Data/Corn/Final_Combined/Common_Rust/Corn_Common_Rust_0029.jpg,Common_Rust,1,train
/content/drive/MyDrive/Plant Disease Detection (Computer Vision)/1st Raw_Data/Corn/Final_Combined/Northern_Leaf_Blight/Corn_Northern_Leaf_Blight_0389.jpg,Northern_Leaf_Blight,2,train
/content/drive/MyDrive/Plant Disease Detection (Computer Vision)/1st Raw_Data/Corn/Final_Combined/Common_Rust/Corn_Common_Rust_0021.jpg,Common_Rust,1,train
/content/drive/MyDrive/Plant Disease Detection (Computer Vision)/1st Raw_Data/Corn/Final_Combined/Northern_Leaf_Blight/Corn_Northern_Leaf_Blight_0395.jpg,Northern_Leaf_Blight,2,train
/content/drive/MyDrive/Plant Disease Detection (Computer Vision)/1st Raw_Data/Corn/Final_Combined/Northern_Leaf_Blight/Corn_Northern_Leaf_Blight_0194.jpg,Northern_Leaf_Blight,2,train
/content/drive/MyDrive/Plant Disease Detection (Computer Vision)/1st Raw_Data/Corn/Final_Combined/Common_Rust/Corn_Common_Rust_0111.jpg,Common_Rust,1,train
/content/drive/MyDrive/Plant Disease Detection (Computer Vision)/1st Raw_Data/Corn/Final_Combined/Common_Rust/Corn_Common_Rust_0083.jpg,Common_Rust,1,train
/content/drive/MyDrive/Plant Disease Detection (Computer Vision)/1st Raw_Data/Corn/Final_Combined/Healthy/Corn_Healthy_0327.jpg,Healthy,0,train
/content/drive/MyDrive/Plant Disease Detection (Computer Vision)/1st Raw_Data/Corn/Final_Combined/Common_Rust/Corn_Common_Rust_0220.jpg,Common_Rust,1,train
/content/drive/MyDrive/Plant Disease Detection (Computer Vision)/1st Raw_Data/Corn/Final_Combined/Northern_Leaf_Blight/Corn_Northern_Leaf_Blight_0356.jpg,Northern_Leaf_Blight,2,train
/content/drive/MyDrive/Plant Disease Detection (Computer Vision)/1st Raw_Data/Corn/Final_Combined/Common_Rust/Corn_Common_Rust_0067.jpg,Common_Rust,1,train
/content/drive/MyDrive/Plant Disease Detection (Computer Vision)/1st Raw_Data/Corn/Final_Combined/Northern_Leaf_Blight/Corn_Northern_Leaf_Blight_0490.jpg,Northern_Leaf_Blight,2,train
/content/drive/MyDrive/Plant Disease Detection (Computer Vision)/1st Raw_Data/Corn/Final_Combined/Common_Rust/Corn_Common_Rust_0232.jpg,Common_Rust,1,validation
/content/drive/MyDrive/Plant Disease Detection (Computer Vision)/1st Raw_Data/Corn/Final_Combined/Northern_Leaf_Blight/Corn_Northern_Leaf_Blight_0299.jpg,Northern_Leaf_Blight,2,validation
/content/drive/MyDrive/Plant Disease Detection (Computer Vision)/1st Raw_Data/Corn/Final_Combined/Northern_Leaf_Blight/Corn_Northern_Leaf_Blight_0129.jpg,Northern_Leaf_Blight,2,validation
/content/drive/MyDrive/Plant Disease Detection (Computer Vision)/1st Raw_Data/Corn/Final_Combined/Northern_Leaf_Blight/Corn_Northern_Leaf_Blight_0146.jpg,Northern_Leaf_Blight,2,validation
/content/drive/MyDrive/Plant Disease Detection (Computer Vision)/1st Raw_Data/Corn/Final_Combined/Northern_Leaf_Blight/Corn_Northern_Leaf_Blight_0218.jpg,Northern_Leaf_Blight,2,validation
/content/drive/MyDrive/Plant Disease Detection (Computer Vision)/1st Raw_Data/Corn/Final_Combined/Healthy/Corn_Healthy_0083.jpg,Healthy,0,validation
/content/drive/MyDrive/Plant Disease Detection (Computer Vision)/1st Raw_Data/Corn/Final_Combined/Northern_Leaf_Blight/Corn_Northern_Leaf_Blight_0147.jpg,Northern_Leaf_Blight,2,validation
/content/drive/MyDrive/Plant Disease Detection (Computer Vision)/1st Raw_Data/Corn/Final_Combined/Northern_Leaf_Blight/Corn_Northern_Leaf_Blight_0493.jpg,Northern_Leaf_Blight,2,validation
/content/drive/MyDrive/Plant Disease Detection (Computer Vision)/1st Raw_Data/Corn/Final_Combined/Northern_Leaf_Blight/Corn_Northern_Leaf_Blight_0132.jpg,Northern_Leaf_Blight,2,validation
/content/drive/MyDrive/Plant Disease Detection (Computer Vision)/1st Raw_Data/Corn/Final_Combined/Healthy/Corn_Healthy_0061.jpg,Healthy,0,validation
/content/drive/MyDrive/Plant Disease Detection (Computer Vision)/1st Raw_Data/Corn/Final_Combined/Northern_Leaf_Blight/Corn_Northern_Leaf_Blight_0458.jpg,Northern_Leaf_Blight,2,validation
/content/drive/MyDrive/Plant Disease Detection (Computer Vision)/1st Raw_Data/Corn/Final_Combined/Northern_Leaf_Blight/Corn_Northern_Leaf_Blight_0077.jpg,Northern_Leaf_Blight,2,validation
/content/drive/MyDrive/Plant Disease Detection (Computer Vision)/1st Raw_Data/Corn/Final_Combined/Northern_Leaf_Blight/Corn_Northern_Leaf_Blight_0301.jpg,Northern_Leaf_Blight,2,validation
/content/drive/MyDrive/Plant Disease Detection (Computer Vision)/1st Raw_Data/Corn/Final_Combined/Healthy/Corn_Healthy_0081.jpg,Healthy,0,validation
/content/drive/MyDrive/Plant Disease Detection (Computer Vision)/1st Raw_Data/Corn/Final_Combined/Common_Rust/Corn_Common_Rust_0037.jpg,Common_Rust,1,validation
/content/drive/MyDrive/Plant Disease Detection (Computer Vision)/1st Raw_Data/Corn/Final_Combined/Northern_Leaf_Blight/Corn_Northern_Leaf_Blight_0496.jpg,Northern_Leaf_Blight,2,validation
/content/drive/MyDrive/Plant Disease Detection (Computer Vision)/1st Raw_Data/Corn/Final_Combined/Northern_Leaf_Blight/Corn_Northern_Leaf_Blight_0392.jpg,Northern_Leaf_Blight,2,validation
/content/drive/MyDrive/Plant Disease Detection (Computer Vision)/1st Raw_Data/Corn/Final_Combined/Common_Rust/Corn_Common_Rust_0332.jpg,Common_Rust,1,validation
/content/drive/MyDrive/Plant Disease Detection (Computer Vision)/1st Raw_Data/Corn/Final_Combined/Healthy/Corn_Healthy_0036.jpg,Healthy,0,validation
/content/drive/MyDrive/Plant Disease Detection (Computer Vision)/1st Raw_Data/Corn/Final_Combined/Healthy/Corn_Healthy_0366.jpg,Healthy,0,validation
/content/drive/MyDrive/Plant Disease Detection (Computer Vision)/1st Raw_Data/Corn/Final_Combined/Common_Rust/Corn_Common_Rust_0051.jpg,Common_Rust,1,validation
/content/drive/MyDrive/Plant Disease Detection (Computer Vision)/1st Raw_Data/Corn/Final_Combined/Common_Rust/Corn_Common_Rust_0558.jpg,Common_Rust,1,validation
/content/drive/MyDrive/Plant Disease Detection (Computer Vision)/1st Raw_Data/Corn/Final_Combined/Common_Rust/Corn_Common_Rust_0249.jpg,Common_Rust,1,validation
/content/drive/MyDrive/Plant Disease Detection (Computer Vision)/1st Raw_Data/Corn/Final_Combined/Northern_Leaf_Blight/Corn_Northern_Leaf_Blight_0492.jpg,Northern_Leaf_Blight,2,validation
/content/drive/MyDrive/Plant Disease Detection (Computer Vision)/1st Raw_Data/Corn/Final_Combined/Common_Rust/Corn_Common_Rust_0530.jpg,Common_Rust,1,validation
/content/drive/MyDrive/Plant Disease Detection (Computer Vision)/1st Raw_Data/Corn/Final_Combined/Healthy/Corn_Healthy_0233.jpg,Healthy,0,validation
/content/drive/MyDrive/Plant Disease Detection (Computer Vision)/1st Raw_Data/Corn/Final_Combined/Northern_Leaf_Blight/Corn_Northern_Leaf_Blight_0006.jpg,Northern_Leaf_Blight,2,validation
/content/drive/MyDrive/Plant Disease Detection (Computer Vision)/1st Raw_Data/Corn/Final_Combined/Northern_Leaf_Blight/Corn_Northern_Leaf_Blight_0531.jpg,Northern_Leaf_Blight,2,validation
/content/drive/MyDrive/Plant Disease Detection (Computer Vision)/1st Raw_Data/Corn/Final_Combined/Northern_Leaf_Blight/Corn_Northern_Leaf_Blight_0403.jpg,Northern_Leaf_Blight,2,validation
/content/drive/MyDrive/Plant Disease Detection (Computer Vision)/1st Raw_Data/Corn/Final_Combined/Northern_Leaf_Blight/Corn_Northern_Leaf_Blight_0554.jpg,Northern_Leaf_Blight,2,validation
/content/drive/MyDrive/Plant Disease Detection (Computer Vision)/1st Raw_Data/Corn/Final_Combined/Northern_Leaf_Blight/Corn_Northern_Leaf_Blight_0233.jpg,Northern_Leaf_Blight,2,validation
/content/drive/MyDrive/Plant Disease Detection (Computer Vision)/1st Raw_Data/Corn/Final_Combined/Northern_Leaf_Blight/Corn_Northern_Leaf_Blight_0293.jpg,Northern_Leaf_Blight,2,validation
/content/drive/MyDrive/Plant Disease Detection (Computer Vision)/1st Raw_Data/Corn/Final_Combined/Northern_Leaf_Blight/Corn_Northern_Leaf_Blight_0263.jpg,Northern_Leaf_Blight,2,validation
/content/drive/MyDrive/Plant Disease Detection (Computer Vision)/1st Raw_Data/Corn/Final_Combined/Common_Rust/Corn_Common_Rust_0427.jpg,Common_Rust,1,validation
/content/drive/MyDrive/Plant Disease Detection (Computer Vision)/1st Raw_Data/Corn/Final_Combined/Healthy/Corn_Healthy_0142.jpg,Healthy,0,validation
/content/drive/MyDrive/Plant Disease Detection (Computer Vision)/1st Raw_Data/Corn/Final_Combined/Healthy/Corn_Healthy_0258.jpg,Healthy,0,validation
/content/drive/MyDrive/Plant Disease Detection (Computer Vision)/1st Raw_Data/Corn/Final_Combined/Northern_Leaf_Blight/Corn_Northern_Leaf_Blight_0170.jpg,Northern_Leaf_Blight,2,validation
/content/drive/MyDrive/Plant Disease Detection (Computer Vision)/1st Raw_Data/Corn/Final_Combined/Healthy/Corn_Healthy_0369.jpg,Healthy,0,validation
/content/drive/MyDrive/Plant Disease Detection (Computer Vision)/1st Raw_Data/Corn/Final_Combined/Northern_Leaf_Blight/Corn_Northern_Leaf_Blight_0547.jpg,Northern_Leaf_Blight,2,validation
/content/drive/MyDrive/Plant Disease Detection (Computer Vision)/1st Raw_Data/Corn/Final_Combined/Healthy/Corn_Healthy_0318.jpg,Healthy,0,validation
/content/drive/MyDrive/Plant Disease Detection (Computer Vision)/1st Raw_Data/Corn/Final_Combined/Common_Rust/Corn_Common_Rust_0238.jpg,Common_Rust,1,validation
/content/drive/MyDrive/Plant Disease Detection (Computer Vision)/1st Raw_Data/Corn/Final_Combined/Common_Rust/Corn_Common_Rust_0179.jpg,Common_Rust,1,validation
/content/drive/MyDrive/Plant Disease Detection (Computer Vision)/1st Raw_Data/Corn/Final_Combined/Northern_Leaf_Blight/Corn_Northern_Leaf_Blight_0121.jpg,Northern_Leaf_Blight,2,validation
/content/drive/MyDrive/Plant Disease Detection (Computer Vision)/1st Raw_Data/Corn/Final_Combined/Northern_Leaf_Blight/Corn_Northern_Leaf_Blight_0530.jpg,Northern_Leaf_Blight,2,validation
/content/drive/MyDrive/Plant Disease Detection (Computer Vision)/1st Raw_Data/Corn/Final_Combined/Common_Rust/Corn_Common_Rust_0121.jpg,Common_Rust,1,validation
/content/drive/MyDrive/Plant Disease Detection (Computer Vision)/1st Raw_Data/Corn/Final_Combined/Healthy/Corn_Healthy_0389.jpg,Healthy,0,validation
/content/drive/MyDrive/Plant Disease Detection (Computer Vision)/1st Raw_Data/Corn/Final_Combined/Northern_Leaf_Blight/Corn_Northern_Leaf_Blight_0523.jpg,Northern_Leaf_Blight,2,validation
/content/drive/MyDrive/Plant Disease Detection (Computer Vision)/1st Raw_Data/Corn/Final_Combined/Common_Rust/Corn_Common_Rust_0540.jpg,Common_Rust,1,validation
/content/drive/MyDrive/Plant Disease Detection (Computer Vision)/1st Raw_Data/Corn/Final_Combined/Healthy/Corn_Healthy_0431.jpg,Healthy,0,validation
/content/drive/MyDrive/Plant Disease Detection (Computer Vision)/1st Raw_Data/Corn/Final_Combined/Common_Rust/Corn_Common_Rust_0087.jpg,Common_Rust,1,validation
/content/drive/MyDrive/Plant Disease Detection (Computer Vision)/1st Raw_Data/Corn/Final_Combined/Common_Rust/Corn_Common_Rust_0230.jpg,Common_Rust,1,validation
/content/drive/MyDrive/Plant Disease Detection (Computer Vision)/1st Raw_Data/Corn/Final_Combined/Healthy/Corn_Healthy_0502.jpg,Healthy,0,validation
/content/drive/MyDrive/Plant Disease Detection (Computer Vision)/1st Raw_Data/Corn/Final_Combined/Healthy/Corn_Healthy_0523.jpg,Healthy,0,validation
/content/drive/MyDrive/Plant Disease Detection (Computer Vision)/1st Raw_Data/Corn/Final_Combined/Northern_Leaf_Blight/Corn_Northern_Leaf_Blight_0283.jpg,Northern_Leaf_Blight,2,validation
/content/drive/MyDrive/Plant Disease Detection (Computer Vision)/1st Raw_Data/Corn/Final_Combined/Common_Rust/Corn_Common_Rust_0441.jpg,Common_Rust,1,validation
/content/drive/MyDrive/Plant Disease Detection (Computer Vision)/1st Raw_Data/Corn/Final_Combined/Healthy/Corn_Healthy_0375.jpg,Healthy,0,validation
/content/drive/MyDrive/Plant Disease Detection (Computer Vision)/1st Raw_Data/Corn/Final_Combined/Northern_Leaf_Blight/Corn_Northern_Leaf_Blight_0480.jpg,Northern_Leaf_Blight,2,validation
/content/drive/MyDrive/Plant Disease Detection (Computer Vision)/1st Raw_Data/Corn/Final_Combined/Northern_Leaf_Blight/Corn_Northern_Leaf_Blight_0201.jpg,Northern_Leaf_Blight,2,validation
/content/drive/MyDrive/Plant Disease Detection (Computer Vision)/1st Raw_Data/Corn/Final_Combined/Northern_Leaf_Blight/Corn_Northern_Leaf_Blight_0550.jpg,Northern_Leaf_Blight,2,validation
/content/drive/MyDrive/Plant Disease Detection (Computer Vision)/1st Raw_Data/Corn/Final_Combined/Common_Rust/Corn_Common_Rust_0293.jpg,Common_Rust,1,validation
/content/drive/MyDrive/Plant Disease Detection (Computer Vision)/1st Raw_Data/Corn/Final_Combined/Common_Rust/Corn_Common_Rust_0528.jpg,Common_Rust,1,validation
/content/drive/MyDrive/Plant Disease Detection (Computer Vision)/1st Raw_Data/Corn/Final_Combined/Common_Rust/Corn_Common_Rust_0584.jpg,Common_Rust,1,validation
/content/drive/MyDrive/Plant Disease Detection (Computer Vision)/1st Raw_Data/Corn/Final_Combined/Healthy/Corn_Healthy_0252.jpg,Healthy,0,validation
/content/drive/MyDrive/Plant Disease Detection (Computer Vision)/1st Raw_Data/Corn/Final_Combined/Common_Rust/Corn_Common_Rust_0159.jpg,Common_Rust,1,validation
/content/drive/MyDrive/Plant Disease Detection (Computer Vision)/1st Raw_Data/Corn/Final_Combined/Common_Rust/Corn_Common_Rust_0394.jpg,Common_Rust,1,validation
/content/drive/MyDrive/Plant Disease Detection (Computer Vision)/1st Raw_Data/Corn/Final_Combined/Healthy/Corn_Healthy_0199.jpg,Healthy,0,validation
/content/drive/MyDrive/Plant Disease Detection (Computer Vision)/1st Raw_Data/Corn/Final_Combined/Northern_Leaf_Blight/Corn_Northern_Leaf_Blight_0125.jpg,Northern_Leaf_Blight,2,validation
/content/drive/MyDrive/Plant Disease Detection (Computer Vision)/1st Raw_Data/Corn/Final_Combined/Northern_Leaf_Blight/Corn_Northern_Leaf_Blight_0266.jpg,Northern_Leaf_Blight,2,validation
/content/drive/MyDrive/Plant Disease Detection (Computer Vision)/1st Raw_Data/Corn/Final_Combined/Healthy/Corn_Healthy_0201.jpg,Healthy,0,validation
/content/drive/MyDrive/Plant Disease Detection (Computer Vision)/1st Raw_Data/Corn/Final_Combined/Common_Rust/Corn_Common_Rust_0582.jpg,Common_Rust,1,validation
/content/drive/MyDrive/Plant Disease Detection (Computer Vision)/1st Raw_Data/Corn/Final_Combined/Northern_Leaf_Blight/Corn_Northern_Leaf_Blight_0325.jpg,Northern_Leaf_Blight,2,validation
/content/drive/MyDrive/Plant Disease Detection (Computer Vision)/1st Raw_Data/Corn/Final_Combined/Healthy/Corn_Healthy_0503.jpg,Healthy,0,validation
/content/drive/MyDrive/Plant Disease Detection (Computer Vision)/1st Raw_Data/Corn/Final_Combined/Healthy/Corn_Healthy_0406.jpg,Healthy,0,validation
/content/drive/MyDrive/Plant Disease Detection (Computer Vision)/1st Raw_Data/Corn/Final_Combined/Common_Rust/Corn_Common_Rust_0453.jpg,Common_Rust,1,validation
/content/drive/MyDrive/Plant Disease Detection (Computer Vision)/1st Raw_Data/Corn/Final_Combined/Northern_Leaf_Blight/Corn_Northern_Leaf_Blight_0343.jpg,Northern_Leaf_Blight,2,validation
/content/drive/MyDrive/Plant Disease Detection (Computer Vision)/1st Raw_Data/Corn/Final_Combined/Healthy/Corn_Healthy_0550.jpg,Healthy,0,validation
/content/drive/MyDrive/Plant Disease Detection (Computer Vision)/1st Raw_Data/Corn/Final_Combined/Common_Rust/Corn_Common_Rust_0532.jpg,Common_Rust,1,validation
/content/drive/MyDrive/Plant Disease Detection (Computer Vision)/1st Raw_Data/Corn/Final_Combined/Northern_Leaf_Blight/Corn_Northern_Leaf_Blight_0016.jpg,Northern_Leaf_Blight,2,validation
/content/drive/MyDrive/Plant Disease Detection (Computer Vision)/1st Raw_Data/Corn/Final_Combined/Healthy/Corn_Healthy_0079.jpg,Healthy,0,validation
/content/drive/MyDrive/Plant Disease Detection (Computer Vision)/1st Raw_Data/Corn/Final_Combined/Northern_Leaf_Blight/Corn_Northern_Leaf_Blight_0122.jpg,Northern_Leaf_Blight,2,validation
/content/drive/MyDrive/Plant Disease Detection (Computer Vision)/1st Raw_Data/Corn/Final_Combined/Healthy/Corn_Healthy_0250.jpg,Healthy,0,validation
/content/drive/MyDrive/Plant Disease Detection (Computer Vision)/1st Raw_Data/Corn/Final_Combined/Healthy/Corn_Healthy_0419.jpg,Healthy,0,validation
/content/drive/MyDrive/Plant Disease Detection (Computer Vision)/1st Raw_Data/Corn/Final_Combined/Healthy/Corn_Healthy_0122.jpg,Healthy,0,validation
/content/drive/MyDrive/Plant Disease Detection (Computer Vision)/1st Raw_Data/Corn/Final_Combined/Northern_Leaf_Blight/Corn_Northern_Leaf_Blight_0284.jpg,Northern_Leaf_Blight,2,validation
/content/drive/MyDrive/Plant Disease Detection (Computer Vision)/1st Raw_Data/Corn/Final_Combined/Common_Rust/Corn_Common_Rust_0018.jpg,Common_Rust,1,validation
/content/drive/MyDrive/Plant Disease Detection (Computer Vision)/1st Raw_Data/Corn/Final_Combined/Common_Rust/Corn_Common_Rust_0263.jpg,Common_Rust,1,validation
/content/drive/MyDrive/Plant Disease Detection (Computer Vision)/1st Raw_Data/Corn/Final_Combined/Healthy/Corn_Healthy_0166.jpg,Healthy,0,validation
/content/drive/MyDrive/Plant Disease Detection (Computer Vision)/1st Raw_Data/Corn/Final_Combined/Common_Rust/Corn_Common_Rust_0025.jpg,Common_Rust,1,validation
/content/drive/MyDrive/Plant Disease Detection (Computer Vision)/1st Raw_Data/Corn/Final_Combined/Healthy/Corn_Healthy_0137.jpg,Healthy,0,validation
/content/drive/MyDrive/Plant Disease Detection (Computer Vision)/1st Raw_Data/Corn/Final_Combined/Northern_Leaf_Blight/Corn_Northern_Leaf_Blight_0317.jpg,Northern_Leaf_Blight,2,validation
/content/drive/MyDrive/Plant Disease Detection (Computer Vision)/1st Raw_Data/Corn/Final_Combined/Northern_Leaf_Blight/Corn_Northern_Leaf_Blight_0324.jpg,Northern_Leaf_Blight,2,validation
/content/drive/MyDrive/Plant Disease Detection (Computer Vision)/1st Raw_Data/Corn/Final_Combined/Common_Rust/Corn_Common_Rust_0150.jpg,Common_Rust,1,validation
/content/drive/MyDrive/Plant Disease Detection (Computer Vision)/1st Raw_Data/Corn/Final_Combined/Northern_Leaf_Blight/Corn_Northern_Leaf_Blight_0574.jpg,Northern_Leaf_Blight,2,validation
/content/drive/MyDrive/Plant Disease Detection (Computer Vision)/1st Raw_Data/Corn/Final_Combined/Healthy/Corn_Healthy_0303.jpg,Healthy,0,validation
/content/drive/MyDrive/Plant Disease Detection (Computer Vision)/1st Raw_Data/Corn/Final_Combined/Northern_Leaf_Blight/Corn_Northern_Leaf_Blight_0023.jpg,Northern_Leaf_Blight,2,validation
/content/drive/MyDrive/Plant Disease Detection (Computer Vision)/1st Raw_Data/Corn/Final_Combined/Healthy/Corn_Healthy_0108.jpg,Healthy,0,validation
/content/drive/MyDrive/Plant Disease Detection (Computer Vision)/1st Raw_Data/Corn/Final_Combined/Healthy/Corn_Healthy_0536.jpg,Healthy,0,validation
/content/drive/MyDrive/Plant Disease Detection (Computer Vision)/1st Raw_Data/Corn/Final_Combined/Healthy/Corn_Healthy_0092.jpg,Healthy,0,validation
/content/drive/MyDrive/Plant Disease Detection (Computer Vision)/1st Raw_Data/Corn/Final_Combined/Northern_Leaf_Blight/Corn_Northern_Leaf_Blight_0417.jpg,Northern_Leaf_Blight,2,validation
/content/drive/MyDrive/Plant Disease Detection (Computer Vision)/1st Raw_Data/Corn/Final_Combined/Northern_Leaf_Blight/Corn_Northern_Leaf_Blight_0190.jpg,Northern_Leaf_Blight,2,validation
/content/drive/MyDrive/Plant Disease Detection (Computer Vision)/1st Raw_Data/Corn/Final_Combined/Common_Rust/Corn_Common_Rust_0101.jpg,Common_Rust,1,validation
/content/drive/MyDrive/Plant Disease Detection (Computer Vision)/1st Raw_Data/Corn/Final_Combined/Common_Rust/Corn_Common_Rust_0056.jpg,Common_Rust,1,validation
/content/drive/MyDrive/Plant Disease Detection (Computer Vision)/1st Raw_Data/Corn/Final_Combined/Healthy/Corn_Healthy_0156.jpg,Healthy,0,validation
/content/drive/MyDrive/Plant Disease Detection (Computer Vision)/1st Raw_Data/Corn/Final_Combined/Common_Rust/Corn_Common_Rust_0330.jpg,Common_Rust,1,validation
/content/drive/MyDrive/Plant Disease Detection (Computer Vision)/1st Raw_Data/Corn/Final_Combined/Northern_Leaf_Blight/Corn_Northern_Leaf_Blight_0370.jpg,Northern_Leaf_Blight,2,validation
/content/drive/MyDrive/Plant Disease Detection (Computer Vision)/1st Raw_Data/Corn/Final_Combined/Healthy/Corn_Healthy_0058.jpg,Healthy,0,validation
/content/drive/MyDrive/Plant Disease Detection (Computer Vision)/1st Raw_Data/Corn/Final_Combined/Northern_Leaf_Blight/Corn_Northern_Leaf_Blight_0405.jpg,Northern_Leaf_Blight,2,validation
/content/drive/MyDrive/Plant Disease Detection (Computer Vision)/1st Raw_Data/Corn/Final_Combined/Healthy/Corn_Healthy_0243.jpg,Healthy,0,validation
/content/drive/MyDrive/Plant Disease Detection (Computer Vision)/1st Raw_Data/Corn/Final_Combined/Healthy/Corn_Healthy_0374.jpg,Healthy,0,validation
/content/drive/MyDrive/Plant Disease Detection (Computer Vision)/1st Raw_Data/Corn/Final_Combined/Healthy/Corn_Healthy_0394.jpg,Healthy,0,validation
/content/drive/MyDrive/Plant Disease Detection (Computer Vision)/1st Raw_Data/Corn/Final_Combined/Healthy/Corn_Healthy_0454.jpg,Healthy,0,validation
/content/drive/MyDrive/Plant Disease Detection (Computer Vision)/1st Raw_Data/Corn/Final_Combined/Healthy/Corn_Healthy_0226.jpg,Healthy,0,validation
/content/drive/MyDrive/Plant Disease Detection (Computer Vision)/1st Raw_Data/Corn/Final_Combined/Common_Rust/Corn_Common_Rust_0439.jpg,Common_Rust,1,validation
/content/drive/MyDrive/Plant Disease Detection (Computer Vision)/1st Raw_Data/Corn/Final_Combined/Common_Rust/Corn_Common_Rust_0485.jpg,Common_Rust,1,validation
/content/drive/MyDrive/Plant Disease Detection (Computer Vision)/1st Raw_Data/Corn/Final_Combined/Common_Rust/Corn_Common_Rust_0533.jpg,Common_Rust,1,validation
/content/drive/MyDrive/Plant Disease Detection (Computer Vision)/1st Raw_Data/Corn/Final_Combined/Healthy/Corn_Healthy_0260.jpg,Healthy,0,validation
/content/drive/MyDrive/Plant Disease Detection (Computer Vision)/1st Raw_Data/Corn/Final_Combined/Northern_Leaf_Blight/Corn_Northern_Leaf_Blight_0184.jpg,Northern_Leaf_Blight,2,validation
/content/drive/MyDrive/Plant Disease Detection (Computer Vision)/1st Raw_Data/Corn/Final_Combined/Common_Rust/Corn_Common_Rust_0544.jpg,Common_Rust,1,validation
/content/drive/MyDrive/Plant Disease Detection (Computer Vision)/1st Raw_Data/Corn/Final_Combined/Healthy/Corn_Healthy_0445.jpg,Healthy,0,validation
/content/drive/MyDrive/Plant Disease Detection (Computer Vision)/1st Raw_Data/Corn/Final_Combined/Common_Rust/Corn_Common_Rust_0450.jpg,Common_Rust,1,validation
/content/drive/MyDrive/Plant Disease Detection (Computer Vision)/1st Raw_Data/Corn/Final_Combined/Northern_Leaf_Blight/Corn_Northern_Leaf_Blight_0506.jpg,Northern_Leaf_Blight,2,validation
/content/drive/MyDrive/Plant Disease Detection (Computer Vision)/1st Raw_Data/Corn/Final_Combined/Northern_Leaf_Blight/Corn_Northern_Leaf_Blight_0032.jpg,Northern_Leaf_Blight,2,validation
/content/drive/MyDrive/Plant Disease Detection (Computer Vision)/1st Raw_Data/Corn/Final_Combined/Common_Rust/Corn_Common_Rust_0401.jpg,Common_Rust,1,validation
/content/drive/MyDrive/Plant Disease Detection (Computer Vision)/1st Raw_Data/Corn/Final_Combined/Healthy/Corn_Healthy_0444.jpg,Healthy,0,validation
/content/drive/MyDrive/Plant Disease Detection (Computer Vision)/1st Raw_Data/Corn/Final_Combined/Northern_Leaf_Blight/Corn_Northern_Leaf_Blight_0376.jpg,Northern_Leaf_Blight,2,validation
/content/drive/MyDrive/Plant Disease Detection (Computer Vision)/1st Raw_Data/Corn/Final_Combined/Healthy/Corn_Healthy_0284.jpg,Healthy,0,validation
/content/drive/MyDrive/Plant Disease Detection (Computer Vision)/1st Raw_Data/Corn/Final_Combined/Healthy/Corn_Healthy_0065.jpg,Healthy,0,validation
/content/drive/MyDrive/Plant Disease Detection (Computer Vision)/1st Raw_Data/Corn/Final_Combined/Northern_Leaf_Blight/Corn_Northern_Leaf_Blight_0432.jpg,Northern_Leaf_Blight,2,validation
/content/drive/MyDrive/Plant Disease Detection (Computer Vision)/1st Raw_Data/Corn/Final_Combined/Common_Rust/Corn_Common_Rust_0119.jpg,Common_Rust,1,validation
/content/drive/MyDrive/Plant Disease Detection (Computer Vision)/1st Raw_Data/Corn/Final_Combined/Common_Rust/Corn_Common_Rust_0102.jpg,Common_Rust,1,validation
/content/drive/MyDrive/Plant Disease Detection (Computer Vision)/1st Raw_Data/Corn/Final_Combined/Healthy/Corn_Healthy_0245.jpg,Healthy,0,validation
/content/drive/MyDrive/Plant Disease Detection (Computer Vision)/1st Raw_Data/Corn/Final_Combined/Healthy/Corn_Healthy_0066.jpg,Healthy,0,validation
/content/drive/MyDrive/Plant Disease Detection (Computer Vision)/1st Raw_Data/Corn/Final_Combined/Healthy/Corn_Healthy_0312.jpg,Healthy,0,validation
/content/drive/MyDrive/Plant Disease Detection (Computer Vision)/1st Raw_Data/Corn/Final_Combined/Healthy/Corn_Healthy_0365.jpg,Healthy,0,validation
/content/drive/MyDrive/Plant Disease Detection (Computer Vision)/1st Raw_Data/Corn/Final_Combined/Common_Rust/Corn_Common_Rust_0278.jpg,Common_Rust,1,validation
/content/drive/MyDrive/Plant Disease Detection (Computer Vision)/1st Raw_Data/Corn/Final_Combined/Healthy/Corn_Healthy_0361.jpg,Healthy,0,validation
/content/drive/MyDrive/Plant Disease Detection (Computer Vision)/1st Raw_Data/Corn/Final_Combined/Healthy/Corn_Healthy_0221.jpg,Healthy,0,validation
/content/drive/MyDrive/Plant Disease Detection (Computer Vision)/1st Raw_Data/Corn/Final_Combined/Northern_Leaf_Blight/Corn_Northern_Leaf_Blight_0068.jpg,Northern_Leaf_Blight,2,validation
/content/drive/MyDrive/Plant Disease Detection (Computer Vision)/1st Raw_Data/Corn/Final_Combined/Northern_Leaf_Blight/Corn_Northern_Leaf_Blight_0418.jpg,Northern_Leaf_Blight,2,validation
/content/drive/MyDrive/Plant Disease Detection (Computer Vision)/1st Raw_Data/Corn/Final_Combined/Common_Rust/Corn_Common_Rust_0516.jpg,Common_Rust,1,validation
/content/drive/MyDrive/Plant Disease Detection (Computer Vision)/1st Raw_Data/Corn/Final_Combined/Northern_Leaf_Blight/Corn_Northern_Leaf_Blight_0491.jpg,Northern_Leaf_Blight,2,validation
/content/drive/MyDrive/Plant Disease Detection (Computer Vision)/1st Raw_Data/Corn/Final_Combined/Healthy/Corn_Healthy_0357.jpg,Healthy,0,validation
/content/drive/MyDrive/Plant Disease Detection (Computer Vision)/1st Raw_Data/Corn/Final_Combined/Common_Rust/Corn_Common_Rust_0033.jpg,Common_Rust,1,validation
/content/drive/MyDrive/Plant Disease Detection (Computer Vision)/1st Raw_Data/Corn/Final_Combined/Common_Rust/Corn_Common_Rust_0057.jpg,Common_Rust,1,validation
/content/drive/MyDrive/Plant Disease Detection (Computer Vision)/1st Raw_Data/Corn/Final_Combined/Healthy/Corn_Healthy_0452.jpg,Healthy,0,validation
/content/drive/MyDrive/Plant Disease Detection (Computer Vision)/1st Raw_Data/Corn/Final_Combined/Northern_Leaf_Blight/Corn_Northern_Leaf_Blight_0534.jpg,Northern_Leaf_Blight,2,validation
/content/drive/MyDrive/Plant Disease Detection (Computer Vision)/1st Raw_Data/Corn/Final_Combined/Healthy/Corn_Healthy_0127.jpg,Healthy,0,validation
/content/drive/MyDrive/Plant Disease Detection (Computer Vision)/1st Raw_Data/Corn/Final_Combined/Northern_Leaf_Blight/Corn_Northern_Leaf_Blight_0242.jpg,Northern_Leaf_Blight,2,validation
/content/drive/MyDrive/Plant Disease Detection (Computer Vision)/1st Raw_Data/Corn/Final_Combined/Healthy/Corn_Healthy_0463.jpg,Healthy,0,validation
/content/drive/MyDrive/Plant Disease Detection (Computer Vision)/1st Raw_Data/Corn/Final_Combined/Common_Rust/Corn_Common_Rust_0077.jpg,Common_Rust,1,validation
/content/drive/MyDrive/Plant Disease Detection (Computer Vision)/1st Raw_Data/Corn/Final_Combined/Healthy/Corn_Healthy_0266.jpg,Healthy,0,validation
/content/drive/MyDrive/Plant Disease Detection (Computer Vision)/1st Raw_Data/Corn/Final_Combined/Northern_Leaf_Blight/Corn_Northern_Leaf_Blight_0585.jpg,Northern_Leaf_Blight,2,validation
/content/drive/MyDrive/Plant Disease Detection (Computer Vision)/1st Raw_Data/Corn/Final_Combined/Northern_Leaf_Blight/Corn_Northern_Leaf_Blight_0468.jpg,Northern_Leaf_Blight,2,validation
/content/drive/MyDrive/Plant Disease Detection (Computer Vision)/1st Raw_Data/Corn/Final_Combined/Common_Rust/Corn_Common_Rust_0031.jpg,Common_Rust,1,validation
/content/drive/MyDrive/Plant Disease Detection (Computer Vision)/1st Raw_Data/Corn/Final_Combined/Healthy/Corn_Healthy_0461.jpg,Healthy,0,validation
/content/drive/MyDrive/Plant Disease Detection (Computer Vision)/1st Raw_Data/Corn/Final_Combined/Healthy/Corn_Healthy_0383.jpg,Healthy,0,validation
/content/drive/MyDrive/Plant Disease Detection (Computer Vision)/1st Raw_Data/Corn/Final_Combined/Common_Rust/Corn_Common_Rust_0086.jpg,Common_Rust,1,validation
/content/drive/MyDrive/Plant Disease Detection (Computer Vision)/1st Raw_Data/Corn/Final_Combined/Northern_Leaf_Blight/Corn_Northern_Leaf_Blight_0255.jpg,Northern_Leaf_Blight,2,validation
/content/drive/MyDrive/Plant Disease Detection (Computer Vision)/1st Raw_Data/Corn/Final_Combined/Healthy/Corn_Healthy_0315.jpg,Healthy,0,validation
/content/drive/MyDrive/Plant Disease Detection (Computer Vision)/1st Raw_Data/Corn/Final_Combined/Common_Rust/Corn_Common_Rust_0122.jpg,Common_Rust,1,validation
/content/drive/MyDrive/Plant Disease Detection (Computer Vision)/1st Raw_Data/Corn/Final_Combined/Common_Rust/Corn_Common_Rust_0162.jpg,Common_Rust,1,validation
/content/drive/MyDrive/Plant Disease Detection (Computer Vision)/1st Raw_Data/Corn/Final_Combined/Healthy/Corn_Healthy_0055.jpg,Healthy,0,validation
/content/drive/MyDrive/Plant Disease Detection (Computer Vision)/1st Raw_Data/Corn/Final_Combined/Common_Rust/Corn_Common_Rust_0254.jpg,Common_Rust,1,validation
/content/drive/MyDrive/Plant Disease Detection (Computer Vision)/1st Raw_Data/Corn/Final_Combined/Healthy/Corn_Healthy_0562.jpg,Healthy,0,validation
/content/drive/MyDrive/Plant Disease Detection (Computer Vision)/1st Raw_Data/Corn/Final_Combined/Northern_Leaf_Blight/Corn_Northern_Leaf_Blight_0357.jpg,Northern_Leaf_Blight,2,validation
/content/drive/MyDrive/Plant Disease Detection (Computer Vision)/1st Raw_Data/Corn/Final_Combined/Common_Rust/Corn_Common_Rust_0547.jpg,Common_Rust,1,validation
/content/drive/MyDrive/Plant Disease Detection (Computer Vision)/1st Raw_Data/Corn/Final_Combined/Healthy/Corn_Healthy_0182.jpg,Healthy,0,validation
/content/drive/MyDrive/Plant Disease Detection (Computer Vision)/1st Raw_Data/Corn/Final_Combined/Northern_Leaf_Blight/Corn_Northern_Leaf_Blight_0232.jpg,Northern_Leaf_Blight,2,validation
/content/drive/MyDrive/Plant Disease Detection (Computer Vision)/1st Raw_Data/Corn/Final_Combined/Common_Rust/Corn_Common_Rust_0046.jpg,Common_Rust,1,validation
/content/drive/MyDrive/Plant Disease Detection (Computer Vision)/1st Raw_Data/Corn/Final_Combined/Northern_Leaf_Blight/Corn_Northern_Leaf_Blight_0228.jpg,Northern_Leaf_Blight,2,validation
/content/drive/MyDrive/Plant Disease Detection (Computer Vision)/1st Raw_Data/Corn/Final_Combined/Northern_Leaf_Blight/Corn_Northern_Leaf_Blight_0106.jpg,Northern_Leaf_Blight,2,validation
/content/drive/MyDrive/Plant Disease Detection (Computer Vision)/1st Raw_Data/Corn/Final_Combined/Common_Rust/Corn_Common_Rust_0461.jpg,Common_Rust,1,validation
/content/drive/MyDrive/Plant Disease Detection (Computer Vision)/1st Raw_Data/Corn/Final_Combined/Healthy/Corn_Healthy_0291.jpg,Healthy,0,validation
/content/drive/MyDrive/Plant Disease Detection (Computer Vision)/1st Raw_Data/Corn/Final_Combined/Common_Rust/Corn_Common_Rust_0090.jpg,Common_Rust,1,validation
/content/drive/MyDrive/Plant Disease Detection (Computer Vision)/1st Raw_Data/Corn/Final_Combined/Common_Rust/Corn_Common_Rust_0512.jpg,Common_Rust,1,validation
/content/drive/MyDrive/Plant Disease Detection (Computer Vision)/1st Raw_Data/Corn/Final_Combined/Common_Rust/Corn_Common_Rust_0068.jpg,Common_Rust,1,validation
/content/drive/MyDrive/Plant Disease Detection (Computer Vision)/1st Raw_Data/Corn/Final_Combined/Common_Rust/Corn_Common_Rust_0073.jpg,Common_Rust,1,validation
/content/drive/MyDrive/Plant Disease Detection (Computer Vision)/1st Raw_Data/Corn/Final_Combined/Healthy/Corn_Healthy_0595.jpg,Healthy,0,validation
/content/drive/MyDrive/Plant Disease Detection (Computer Vision)/1st Raw_Data/Corn/Final_Combined/Northern_Leaf_Blight/Corn_Northern_Leaf_Blight_0148.jpg,Northern_Leaf_Blight,2,validation
/content/drive/MyDrive/Plant Disease Detection (Computer Vision)/1st Raw_Data/Corn/Final_Combined/Common_Rust/Corn_Common_Rust_0336.jpg,Common_Rust,1,validation
/content/drive/MyDrive/Plant Disease Detection (Computer Vision)/1st Raw_Data/Corn/Final_Combined/Common_Rust/Corn_Common_Rust_0139.jpg,Common_Rust,1,validation
/content/drive/MyDrive/Plant Disease Detection (Computer Vision)/1st Raw_Data/Corn/Final_Combined/Healthy/Corn_Healthy_0056.jpg,Healthy,0,validation
/content/drive/MyDrive/Plant Disease Detection (Computer Vision)/1st Raw_Data/Corn/Final_Combined/Common_Rust/Corn_Common_Rust_0042.jpg,Common_Rust,1,validation
/content/drive/MyDrive/Plant Disease Detection (Computer Vision)/1st Raw_Data/Corn/Final_Combined/Healthy/Corn_Healthy_0115.jpg,Healthy,0,validation
/content/drive/MyDrive/Plant Disease Detection (Computer Vision)/1st Raw_Data/Corn/Final_Combined/Northern_Leaf_Blight/Corn_Northern_Leaf_Blight_0459.jpg,Northern_Leaf_Blight,2,validation
/content/drive/MyDrive/Plant Disease Detection (Computer Vision)/1st Raw_Data/Corn/Final_Combined/Northern_Leaf_Blight/Corn_Northern_Leaf_Blight_0477.jpg,Northern_Leaf_Blight,2,validation
/content/drive/MyDrive/Plant Disease Detection (Computer Vision)/1st Raw_Data/Corn/Final_Combined/Common_Rust/Corn_Common_Rust_0296.jpg,Common_Rust,1,validation
/content/drive/MyDrive/Plant Disease Detection (Computer Vision)/1st Raw_Data/Corn/Final_Combined/Common_Rust/Corn_Common_Rust_0460.jpg,Common_Rust,1,validation
/content/drive/MyDrive/Plant Disease Detection (Computer Vision)/1st Raw_Data/Corn/Final_Combined/Northern_Leaf_Blight/Corn_Northern_Leaf_Blight_0288.jpg,Northern_Leaf_Blight,2,validation
/content/drive/MyDrive/Plant Disease Detection (Computer Vision)/1st Raw_Data/Corn/Final_Combined/Northern_Leaf_Blight/Corn_Northern_Leaf_Blight_0025.jpg,Northern_Leaf_Blight,2,validation
/content/drive/MyDrive/Plant Disease Detection (Computer Vision)/1st Raw_Data/Corn/Final_Combined/Common_Rust/Corn_Common_Rust_0131.jpg,Common_Rust,1,validation
/content/drive/MyDrive/Plant Disease Detection (Computer Vision)/1st Raw_Data/Corn/Final_Combined/Common_Rust/Corn_Common_Rust_0289.jpg,Common_Rust,1,validation
/content/drive/MyDrive/Plant Disease Detection (Computer Vision)/1st Raw_Data/Corn/Final_Combined/Northern_Leaf_Blight/Corn_Northern_Leaf_Blight_0551.jpg,Northern_Leaf_Blight,2,validation
/content/drive/MyDrive/Plant Disease Detection (Computer Vision)/1st Raw_Data/Corn/Final_Combined/Northern_Leaf_Blight/Corn_Northern_Leaf_Blight_0292.jpg,Northern_Leaf_Blight,2,validation
/content/drive/MyDrive/Plant Disease Detection (Computer Vision)/1st Raw_Data/Corn/Final_Combined/Common_Rust/Corn_Common_Rust_0468.jpg,Common_Rust,1,validation
/content/drive/MyDrive/Plant Disease Detection (Computer Vision)/1st Raw_Data/Corn/Final_Combined/Northern_Leaf_Blight/Corn_Northern_Leaf_Blight_0135.jpg,Northern_Leaf_Blight,2,validation
/content/drive/MyDrive/Plant Disease Detection (Computer Vision)/1st Raw_Data/Corn/Final_Combined/Northern_Leaf_Blight/Corn_Northern_Leaf_Blight_0327.jpg,Northern_Leaf_Blight,2,validation
/content/drive/MyDrive/Plant Disease Detection (Computer Vision)/1st Raw_Data/Corn/Final_Combined/Common_Rust/Corn_Common_Rust_0007.jpg,Common_Rust,1,validation
/content/drive/MyDrive/Plant Disease Detection (Computer Vision)/1st Raw_Data/Corn/Final_Combined/Healthy/Corn_Healthy_0396.jpg,Healthy,0,validation
/content/drive/MyDrive/Plant Disease Detection (Computer Vision)/1st Raw_Data/Corn/Final_Combined/Healthy/Corn_Healthy_0368.jpg,Healthy,0,validation
/content/drive/MyDrive/Plant Disease Detection (Computer Vision)/1st Raw_Data/Corn/Final_Combined/Common_Rust/Corn_Common_Rust_0316.jpg,Common_Rust,1,validation
/content/drive/MyDrive/Plant Disease Detection (Computer Vision)/1st Raw_Data/Corn/Final_Combined/Healthy/Corn_Healthy_0208.jpg,Healthy,0,validation
/content/drive/MyDrive/Plant Disease Detection (Computer Vision)/1st Raw_Data/Corn/Final_Combined/Healthy/Corn_Healthy_0343.jpg,Healthy,0,validation
/content/drive/MyDrive/Plant Disease Detection (Computer Vision)/1st Raw_Data/Corn/Final_Combined/Northern_Leaf_Blight/Corn_Northern_Leaf_Blight_0050.jpg,Northern_Leaf_Blight,2,validation
/content/drive/MyDrive/Plant Disease Detection (Computer Vision)/1st Raw_Data/Corn/Final_Combined/Healthy/Corn_Healthy_0133.jpg,Healthy,0,validation
/content/drive/MyDrive/Plant Disease Detection (Computer Vision)/1st Raw_Data/Corn/Final_Combined/Healthy/Corn_Healthy_0264.jpg,Healthy,0,validation
/content/drive/MyDrive/Plant Disease Detection (Computer Vision)/1st Raw_Data/Corn/Final_Combined/Northern_Leaf_Blight/Corn_Northern_Leaf_Blight_0009.jpg,Northern_Leaf_Blight,2,validation
/content/drive/MyDrive/Plant Disease Detection (Computer Vision)/1st Raw_Data/Corn/Final_Combined/Common_Rust/Corn_Common_Rust_0367.jpg,Common_Rust,1,validation
/content/drive/MyDrive/Plant Disease Detection (Computer Vision)/1st Raw_Data/Corn/Final_Combined/Healthy/Corn_Healthy_0468.jpg,Healthy,0,validation
/content/drive/MyDrive/Plant Disease Detection (Computer Vision)/1st Raw_Data/Corn/Final_Combined/Common_Rust/Corn_Common_Rust_0338.jpg,Common_Rust,1,validation
/content/drive/MyDrive/Plant Disease Detection (Computer Vision)/1st Raw_Data/Corn/Final_Combined/Common_Rust/Corn_Common_Rust_0426.jpg,Common_Rust,1,validation
/content/drive/MyDrive/Plant Disease Detection (Computer Vision)/1st Raw_Data/Corn/Final_Combined/Healthy/Corn_Healthy_0492.jpg,Healthy,0,validation
/content/drive/MyDrive/Plant Disease Detection (Computer Vision)/1st Raw_Data/Corn/Final_Combined/Healthy/Corn_Healthy_0414.jpg,Healthy,0,validation
/content/drive/MyDrive/Plant Disease Detection (Computer Vision)/1st Raw_Data/Corn/Final_Combined/Northern_Leaf_Blight/Corn_Northern_Leaf_Blight_0581.jpg,Northern_Leaf_Blight,2,validation
/content/drive/MyDrive/Plant Disease Detection (Computer Vision)/1st Raw_Data/Corn/Final_Combined/Northern_Leaf_Blight/Corn_Northern_Leaf_Blight_0080.jpg,Northern_Leaf_Blight,2,validation
/content/drive/MyDrive/Plant Disease Detection (Computer Vision)/1st Raw_Data/Corn/Final_Combined/Healthy/Corn_Healthy_0371.jpg,Healthy,0,validation
/content/drive/MyDrive/Plant Disease Detection (Computer Vision)/1st Raw_Data/Corn/Final_Combined/Common_Rust/Corn_Common_Rust_0133.jpg,Common_Rust,1,validation
/content/drive/MyDrive/Plant Disease Detection (Computer Vision)/1st Raw_Data/Corn/Final_Combined/Common_Rust/Corn_Common_Rust_0440.jpg,Common_Rust,1,validation
/content/drive/MyDrive/Plant Disease Detection (Computer Vision)/1st Raw_Data/Corn/Final_Combined/Common_Rust/Corn_Common_Rust_0110.jpg,Common_Rust,1,validation
/content/drive/MyDrive/Plant Disease Detection (Computer Vision)/1st Raw_Data/Corn/Final_Combined/Common_Rust/Corn_Common_Rust_0304.jpg,Common_Rust,1,validation
/content/drive/MyDrive/Plant Disease Detection (Computer Vision)/1st Raw_Data/Corn/Final_Combined/Common_Rust/Corn_Common_Rust_0205.jpg,Common_Rust,1,validation
/content/drive/MyDrive/Plant Disease Detection (Computer Vision)/1st Raw_Data/Corn/Final_Combined/Common_Rust/Corn_Common_Rust_0050.jpg,Common_Rust,1,validation
/content/drive/MyDrive/Plant Disease Detection (Computer Vision)/1st Raw_Data/Corn/Final_Combined/Healthy/Corn_Healthy_0569.jpg,Healthy,0,validation
/content/drive/MyDrive/Plant Disease Detection (Computer Vision)/1st Raw_Data/Corn/Final_Combined/Common_Rust/Corn_Common_Rust_0395.jpg,Common_Rust,1,validation
/content/drive/MyDrive/Plant Disease Detection (Computer Vision)/1st Raw_Data/Corn/Final_Combined/Northern_Leaf_Blight/Corn_Northern_Leaf_Blight_0040.jpg,Northern_Leaf_Blight,2,validation
/content/drive/MyDrive/Plant Disease Detection (Computer Vision)/1st Raw_Data/Corn/Final_Combined/Healthy/Corn_Healthy_0404.jpg,Healthy,0,validation
/content/drive/MyDrive/Plant Disease Detection (Computer Vision)/1st Raw_Data/Corn/Final_Combined/Healthy/Corn_Healthy_0008.jpg,Healthy,0,validation
/content/drive/MyDrive/Plant Disease Detection (Computer Vision)/1st Raw_Data/Corn/Final_Combined/Northern_Leaf_Blight/Corn_Northern_Leaf_Blight_0109.jpg,Northern_Leaf_Blight,2,validation
/content/drive/MyDrive/Plant Disease Detection (Computer Vision)/1st Raw_Data/Corn/Final_Combined/Common_Rust/Corn_Common_Rust_0382.jpg,Common_Rust,1,validation
/content/drive/MyDrive/Plant Disease Detection (Computer Vision)/1st Raw_Data/Corn/Final_Combined/Healthy/Corn_Healthy_0123.jpg,Healthy,0,validation
/content/drive/MyDrive/Plant Disease Detection (Computer Vision)/1st Raw_Data/Corn/Final_Combined/Northern_Leaf_Blight/Corn_Northern_Leaf_Blight_0298.jpg,Northern_Leaf_Blight,2,validation
/content/drive/MyDrive/Plant Disease Detection (Computer Vision)/1st Raw_Data/Corn/Final_Combined/Northern_Leaf_Blight/Corn_Northern_Leaf_Blight_0241.jpg,Northern_Leaf_Blight,2,validation
/content/drive/MyDrive/Plant Disease Detection (Computer Vision)/1st Raw_Data/Corn/Final_Combined/Common_Rust/Corn_Common_Rust_0376.jpg,Common_Rust,1,validation
/content/drive/MyDrive/Plant Disease Detection (Computer Vision)/1st Raw_Data/Corn/Final_Combined/Common_Rust/Corn_Common_Rust_0271.jpg,Common_Rust,1,validation
/content/drive/MyDrive/Plant Disease Detection (Computer Vision)/1st Raw_Data/Corn/Final_Combined/Common_Rust/Corn_Common_Rust_0458.jpg,Common_Rust,1,validation
/content/drive/MyDrive/Plant Disease Detection (Computer Vision)/1st Raw_Data/Corn/Final_Combined/Northern_Leaf_Blight/Corn_Northern_Leaf_Blight_0256.jpg,Northern_Leaf_Blight,2,validation
/content/drive/MyDrive/Plant Disease Detection (Computer Vision)/1st Raw_Data/Corn/Final_Combined/Common_Rust/Corn_Common_Rust_0137.jpg,Common_Rust,1,validation
/content/drive/MyDrive/Plant Disease Detection (Computer Vision)/1st Raw_Data/Corn/Final_Combined/Common_Rust/Corn_Common_Rust_0315.jpg,Common_Rust,1,validation
/content/drive/MyDrive/Plant Disease Detection (Computer Vision)/1st Raw_Data/Corn/Final_Combined/Northern_Leaf_Blight/Corn_Northern_Leaf_Blight_0187.jpg,Northern_Leaf_Blight,2,validation
/content/drive/MyDrive/Plant Disease Detection (Computer Vision)/1st Raw_Data/Corn/Final_Combined/Healthy/Corn_Healthy_0131.jpg,Healthy,0,validation
/content/drive/MyDrive/Plant Disease Detection (Computer Vision)/1st Raw_Data/Corn/Final_Combined/Northern_Leaf_Blight/Corn_Northern_Leaf_Blight_0559.jpg,Northern_Leaf_Blight,2,validation
/content/drive/MyDrive/Plant Disease Detection (Computer Vision)/1st Raw_Data/Corn/Final_Combined/Common_Rust/Corn_Common_Rust_0363.jpg,Common_Rust,1,validation
/content/drive/MyDrive/Plant Disease Detection (Computer Vision)/1st Raw_Data/Corn/Final_Combined/Healthy/Corn_Healthy_0586.jpg,Healthy,0,validation
/content/drive/MyDrive/Plant Disease Detection (Computer Vision)/1st Raw_Data/Corn/Final_Combined/Healthy/Corn_Healthy_0403.jpg,Healthy,0,validation
/content/drive/MyDrive/Plant Disease Detection (Computer Vision)/1st Raw_Data/Corn/Final_Combined/Northern_Leaf_Blight/Corn_Northern_Leaf_Blight_0053.jpg,Northern_Leaf_Blight,2,validation
/content/drive/MyDrive/Plant Disease Detection (Computer Vision)/1st Raw_Data/Corn/Final_Combined/Common_Rust/Corn_Common_Rust_0136.jpg,Common_Rust,1,validation
/content/drive/MyDrive/Plant Disease Detection (Computer Vision)/1st Raw_Data/Corn/Final_Combined/Healthy/Corn_Healthy_0280.jpg,Healthy,0,validation
/content/drive/MyDrive/Plant Disease Detection (Computer Vision)/1st Raw_Data/Corn/Final_Combined/Northern_Leaf_Blight/Corn_Northern_Leaf_Blight_0362.jpg,Northern_Leaf_Blight,2,validation
/content/drive/MyDrive/Plant Disease Detection (Computer Vision)/1st Raw_Data/Corn/Final_Combined/Northern_Leaf_Blight/Corn_Northern_Leaf_Blight_0012.jpg,Northern_Leaf_Blight,2,validation
/content/drive/MyDrive/Plant Disease Detection (Computer Vision)/1st Raw_Data/Corn/Final_Combined/Common_Rust/Corn_Common_Rust_0525.jpg,Common_Rust,1,validation
/content/drive/MyDrive/Plant Disease Detection (Computer Vision)/1st Raw_Data/Corn/Final_Combined/Northern_Leaf_Blight/Corn_Northern_Leaf_Blight_0412.jpg,Northern_Leaf_Blight,2,validation
/content/drive/MyDrive/Plant Disease Detection (Computer Vision)/1st Raw_Data/Corn/Final_Combined/Healthy/Corn_Healthy_0417.jpg,Healthy,0,validation
/content/drive/MyDrive/Plant Disease Detection (Computer Vision)/1st Raw_Data/Corn/Final_Combined/Common_Rust/Corn_Common_Rust_0178.jpg,Common_Rust,1,validation
/content/drive/MyDrive/Plant Disease Detection (Computer Vision)/1st Raw_Data/Corn/Final_Combined/Common_Rust/Corn_Common_Rust_0350.jpg,Common_Rust,1,validation
/content/drive/MyDrive/Plant Disease Detection (Computer Vision)/1st Raw_Data/Corn/Final_Combined/Healthy/Corn_Healthy_0493.jpg,Healthy,0,validation
/content/drive/MyDrive/Plant Disease Detection (Computer Vision)/1st Raw_Data/Corn/Final_Combined/Common_Rust/Corn_Common_Rust_0100.jpg,Common_Rust,1,validation
/content/drive/MyDrive/Plant Disease Detection (Computer Vision)/1st Raw_Data/Corn/Final_Combined/Common_Rust/Corn_Common_Rust_0251.jpg,Common_Rust,1,validation
/content/drive/MyDrive/Plant Disease Detection (Computer Vision)/1st Raw_Data/Corn/Final_Combined/Healthy/Corn_Healthy_0350.jpg,Healthy,0,validation
/content/drive/MyDrive/Plant Disease Detection (Computer Vision)/1st Raw_Data/Corn/Final_Combined/Northern_Leaf_Blight/Corn_Northern_Leaf_Blight_0133.jpg,Northern_Leaf_Blight,2,validation
/content/drive/MyDrive/Plant Disease Detection (Computer Vision)/1st Raw_Data/Corn/Final_Combined/Northern_Leaf_Blight/Corn_Northern_Leaf_Blight_0321.jpg,Northern_Leaf_Blight,2,validation
/content/drive/MyDrive/Plant Disease Detection (Computer Vision)/1st Raw_Data/Corn/Final_Combined/Healthy/Corn_Healthy_0330.jpg,Healthy,0,validation
/content/drive/MyDrive/Plant Disease Detection (Computer Vision)/1st Raw_Data/Corn/Final_Combined/Northern_Leaf_Blight/Corn_Northern_Leaf_Blight_0120.jpg,Northern_Leaf_Blight,2,validation
/content/drive/MyDrive/Plant Disease Detection (Computer Vision)/1st Raw_Data/Corn/Final_Combined/Common_Rust/Corn_Common_Rust_0222.jpg,Common_Rust,1,validation
/content/drive/MyDrive/Plant Disease Detection (Computer Vision)/1st Raw_Data/Corn/Final_Combined/Common_Rust/Corn_Common_Rust_0107.jpg,Common_Rust,1,validation
/content/drive/MyDrive/Plant Disease Detection (Computer Vision)/1st Raw_Data/Corn/Final_Combined/Healthy/Corn_Healthy_0437.jpg,Healthy,0,validation
/content/drive/MyDrive/Plant Disease Detection (Computer Vision)/1st Raw_Data/Corn/Final_Combined/Northern_Leaf_Blight/Corn_Northern_Leaf_Blight_0416.jpg,Northern_Leaf_Blight,2,validation
/content/drive/MyDrive/Plant Disease Detection (Computer Vision)/1st Raw_Data/Corn/Final_Combined/Northern_Leaf_Blight/Corn_Northern_Leaf_Blight_0111.jpg,Northern_Leaf_Blight,2,validation
/content/drive/MyDrive/Plant Disease Detection (Computer Vision)/1st Raw_Data/Corn/Final_Combined/Healthy/Corn_Healthy_0027.jpg,Healthy,0,validation
/content/drive/MyDrive/Plant Disease Detection (Computer Vision)/1st Raw_Data/Corn/Final_Combined/Healthy/Corn_Healthy_0102.jpg,Healthy,0,validation
/content/drive/MyDrive/Plant Disease Detection (Computer Vision)/1st Raw_Data/Corn/Final_Combined/Common_Rust/Corn_Common_Rust_0417.jpg,Common_Rust,1,test
/content/drive/MyDrive/Plant Disease Detection (Computer Vision)/1st Raw_Data/Corn/Final_Combined/Healthy/Corn_Healthy_0121.jpg,Healthy,0,test
/content/drive/MyDrive/Plant Disease Detection (Computer Vision)/1st Raw_Data/Corn/Final_Combined/Common_Rust/Corn_Common_Rust_0243.jpg,Common_Rust,1,test
/content/drive/MyDrive/Plant Disease Detection (Computer Vision)/1st Raw_Data/Corn/Final_Combined/Northern_Leaf_Blight/Corn_Northern_Leaf_Blight_0096.jpg,Northern_Leaf_Blight,2,test
/content/drive/MyDrive/Plant Disease Detection (Computer Vision)/1st Raw_Data/Corn/Final_Combined/Northern_Leaf_Blight/Corn_Northern_Leaf_Blight_0219.jpg,Northern_Leaf_Blight,2,test
/content/drive/MyDrive/Plant Disease Detection (Computer Vision)/1st Raw_Data/Corn/Final_Combined/Healthy/Corn_Healthy_0450.jpg,Healthy,0,test
/content/drive/MyDrive/Plant Disease Detection (Computer Vision)/1st Raw_Data/Corn/Final_Combined/Northern_Leaf_Blight/Corn_Northern_Leaf_Blight_0505.jpg,Northern_Leaf_Blight,2,test
/content/drive/MyDrive/Plant Disease Detection (Computer Vision)/1st Raw_Data/Corn/Final_Combined/Common_Rust/Corn_Common_Rust_0002.jpg,Common_Rust,1,test
/content/drive/MyDrive/Plant Disease Detection (Computer Vision)/1st Raw_Data/Corn/Final_Combined/Common_Rust/Corn_Common_Rust_0049.jpg,Common_Rust,1,test
/content/drive/MyDrive/Plant Disease Detection (Computer Vision)/1st Raw_Data/Corn/Final_Combined/Northern_Leaf_Blight/Corn_Northern_Leaf_Blight_0372.jpg,Northern_Leaf_Blight,2,test
/content/drive/MyDrive/Plant Disease Detection (Computer Vision)/1st Raw_Data/Corn/Final_Combined/Northern_Leaf_Blight/Corn_Northern_Leaf_Blight_0399.jpg,Northern_Leaf_Blight,2,test
/content/drive/MyDrive/Plant Disease Detection (Computer Vision)/1st Raw_Data/Corn/Final_Combined/Common_Rust/Corn_Common_Rust_0114.jpg,Common_Rust,1,test
/content/drive/MyDrive/Plant Disease Detection (Computer Vision)/1st Raw_Data/Corn/Final_Combined/Common_Rust/Corn_Common_Rust_0379.jpg,Common_Rust,1,test
/content/drive/MyDrive/Plant Disease Detection (Computer Vision)/1st Raw_Data/Corn/Final_Combined/Common_Rust/Corn_Common_Rust_0105.jpg,Common_Rust,1,test
/content/drive/MyDrive/Plant Disease Detection (Computer Vision)/1st Raw_Data/Corn/Final_Combined/Healthy/Corn_Healthy_0255.jpg,Healthy,0,test
/content/drive/MyDrive/Plant Disease Detection (Computer Vision)/1st Raw_Data/Corn/Final_Combined/Northern_Leaf_Blight/Corn_Northern_Leaf_Blight_0478.jpg,Northern_Leaf_Blight,2,test
/content/drive/MyDrive/Plant Disease Detection (Computer Vision)/1st Raw_Data/Corn/Final_Combined/Common_Rust/Corn_Common_Rust_0259.jpg,Common_Rust,1,test
/content/drive/MyDrive/Plant Disease Detection (Computer Vision)/1st Raw_Data/Corn/Final_Combined/Northern_Leaf_Blight/Corn_Northern_Leaf_Blight_0444.jpg,Northern_Leaf_Blight,2,test
/content/drive/MyDrive/Plant Disease Detection (Computer Vision)/1st Raw_Data/Corn/Final_Combined/Common_Rust/Corn_Common_Rust_0351.jpg,Common_Rust,1,test
/content/drive/MyDrive/Plant Disease Detection (Computer Vision)/1st Raw_Data/Corn/Final_Combined/Northern_Leaf_Blight/Corn_Northern_Leaf_Blight_0105.jpg,Northern_Leaf_Blight,2,test
/content/drive/MyDrive/Plant Disease Detection (Computer Vision)/1st Raw_Data/Corn/Final_Combined/Northern_Leaf_Blight/Corn_Northern_Leaf_Blight_0213.jpg,Northern_Leaf_Blight,2,test
/content/drive/MyDrive/Plant Disease Detection (Computer Vision)/1st Raw_Data/Corn/Final_Combined/Healthy/Corn_Healthy_0154.jpg,Healthy,0,test
/content/drive/MyDrive/Plant Disease Detection (Computer Vision)/1st Raw_Data/Corn/Final_Combined/Common_Rust/Corn_Common_Rust_0268.jpg,Common_Rust,1,test
/content/drive/MyDrive/Plant Disease Detection (Computer Vision)/1st Raw_Data/Corn/Final_Combined/Healthy/Corn_Healthy_0172.jpg,Healthy,0,test
/content/drive/MyDrive/Plant Disease Detection (Computer Vision)/1st Raw_Data/Corn/Final_Combined/Northern_Leaf_Blight/Corn_Northern_Leaf_Blight_0078.jpg,Northern_Leaf_Blight,2,test
/content/drive/MyDrive/Plant Disease Detection (Computer Vision)/1st Raw_Data/Corn/Final_Combined/Healthy/Corn_Healthy_0159.jpg,Healthy,0,test
/content/drive/MyDrive/Plant Disease Detection (Computer Vision)/1st Raw_Data/Corn/Final_Combined/Healthy/Corn_Healthy_0399.jpg,Healthy,0,test
/content/drive/MyDrive/Plant Disease Detection (Computer Vision)/1st Raw_Data/Corn/Final_Combined/Healthy/Corn_Healthy_0004.jpg,Healthy,0,test
/content/drive/MyDrive/Plant Disease Detection (Computer Vision)/1st Raw_Data/Corn/Final_Combined/Healthy/Corn_Healthy_0522.jpg,Healthy,0,test
/content/drive/MyDrive/Plant Disease Detection (Computer Vision)/1st Raw_Data/Corn/Final_Combined/Common_Rust/Corn_Common_Rust_0581.jpg,Common_Rust,1,test
/content/drive/MyDrive/Plant Disease Detection (Computer Vision)/1st Raw_Data/Corn/Final_Combined/Healthy/Corn_Healthy_0214.jpg,Healthy,0,test
/content/drive/MyDrive/Plant Disease Detection (Computer Vision)/1st Raw_Data/Corn/Final_Combined/Common_Rust/Corn_Common_Rust_0408.jpg,Common_Rust,1,test
/content/drive/MyDrive/Plant Disease Detection (Computer Vision)/1st Raw_Data/Corn/Final_Combined/Common_Rust/Corn_Common_Rust_0267.jpg,Common_Rust,1,test
/content/drive/MyDrive/Plant Disease Detection (Computer Vision)/1st Raw_Data/Corn/Final_Combined/Northern_Leaf_Blight/Corn_Northern_Leaf_Blight_0094.jpg,Northern_Leaf_Blight,2,test
/content/drive/MyDrive/Plant Disease Detection (Computer Vision)/1st Raw_Data/Corn/Final_Combined/Healthy/Corn_Healthy_0202.jpg,Healthy,0,test
/content/drive/MyDrive/Plant Disease Detection (Computer Vision)/1st Raw_Data/Corn/Final_Combined/Healthy/Corn_Healthy_0169.jpg,Healthy,0,test
/content/drive/MyDrive/Plant Disease Detection (Computer Vision)/1st Raw_Data/Corn/Final_Combined/Northern_Leaf_Blight/Corn_Northern_Leaf_Blight_0223.jpg,Northern_Leaf_Blight,2,test
/content/drive/MyDrive/Plant Disease Detection (Computer Vision)/1st Raw_Data/Corn/Final_Combined/Northern_Leaf_Blight/Corn_Northern_Leaf_Blight_0272.jpg,Northern_Leaf_Blight,2,test
/content/drive/MyDrive/Plant Disease Detection (Computer Vision)/1st Raw_Data/Corn/Final_Combined/Northern_Leaf_Blight/Corn_Northern_Leaf_Blight_0428.jpg,Northern_Leaf_Blight,2,test
/content/drive/MyDrive/Plant Disease Detection (Computer Vision)/1st Raw_Data/Corn/Final_Combined/Healthy/Corn_Healthy_0585.jpg,Healthy,0,test
/content/drive/MyDrive/Plant Disease Detection (Computer Vision)/1st Raw_Data/Corn/Final_Combined/Common_Rust/Corn_Common_Rust_0497.jpg,Common_Rust,1,test
/content/drive/MyDrive/Plant Disease Detection (Computer Vision)/1st Raw_Data/Corn/Final_Combined/Common_Rust/Corn_Common_Rust_0348.jpg,Common_Rust,1,test
/content/drive/MyDrive/Plant Disease Detection (Computer Vision)/1st Raw_Data/Corn/Final_Combined/Common_Rust/Corn_Common_Rust_0444.jpg,Common_Rust,1,test
/content/drive/MyDrive/Plant Disease Detection (Computer Vision)/1st Raw_Data/Corn/Final_Combined/Common_Rust/Corn_Common_Rust_0226.jpg,Common_Rust,1,test
/content/drive/MyDrive/Plant Disease Detection (Computer Vision)/1st Raw_Data/Corn/Final_Combined/Healthy/Corn_Healthy_0566.jpg,Healthy,0,test
/content/drive/MyDrive/Plant Disease Detection (Computer Vision)/1st Raw_Data/Corn/Final_Combined/Common_Rust/Corn_Common_Rust_0339.jpg,Common_Rust,1,test
/content/drive/MyDrive/Plant Disease Detection (Computer Vision)/1st Raw_Data/Corn/Final_Combined/Common_Rust/Corn_Common_Rust_0462.jpg,Common_Rust,1,test
/content/drive/MyDrive/Plant Disease Detection (Computer Vision)/1st Raw_Data/Corn/Final_Combined/Northern_Leaf_Blight/Corn_Northern_Leaf_Blight_0268.jpg,Northern_Leaf_Blight,2,test
/content/drive/MyDrive/Plant Disease Detection (Computer Vision)/1st Raw_Data/Corn/Final_Combined/Common_Rust/Corn_Common_Rust_0464.jpg,Common_Rust,1,test
/content/drive/MyDrive/Plant Disease Detection (Computer Vision)/1st Raw_Data/Corn/Final_Combined/Common_Rust/Corn_Common_Rust_0362.jpg,Common_Rust,1,test
/content/drive/MyDrive/Plant Disease Detection (Computer Vision)/1st Raw_Data/Corn/Final_Combined/Healthy/Corn_Healthy_0018.jpg,Healthy,0,test
/content/drive/MyDrive/Plant Disease Detection (Computer Vision)/1st Raw_Data/Corn/Final_Combined/Common_Rust/Corn_Common_Rust_0390.jpg,Common_Rust,1,test
/content/drive/MyDrive/Plant Disease Detection (Computer Vision)/1st Raw_Data/Corn/Final_Combined/Common_Rust/Corn_Common_Rust_0318.jpg,Common_Rust,1,test
/content/drive/MyDrive/Plant Disease Detection (Computer Vision)/1st Raw_Data/Corn/Final_Combined/Common_Rust/Corn_Common_Rust_0514.jpg,Common_Rust,1,test
/content/drive/MyDrive/Plant Disease Detection (Computer Vision)/1st Raw_Data/Corn/Final_Combined/Common_Rust/Corn_Common_Rust_0523.jpg,Common_Rust,1,test
/content/drive/MyDrive/Plant Disease Detection (Computer Vision)/1st Raw_Data/Corn/Final_Combined/Northern_Leaf_Blight/Corn_Northern_Leaf_Blight_0138.jpg,Northern_Leaf_Blight,2,test
/content/drive/MyDrive/Plant Disease Detection (Computer Vision)/1st Raw_Data/Corn/Final_Combined/Healthy/Corn_Healthy_0190.jpg,Healthy,0,test
/content/drive/MyDrive/Plant Disease Detection (Computer Vision)/1st Raw_Data/Corn/Final_Combined/Healthy/Corn_Healthy_0267.jpg,Healthy,0,test
/content/drive/MyDrive/Plant Disease Detection (Computer Vision)/1st Raw_Data/Corn/Final_Combined/Northern_Leaf_Blight/Corn_Northern_Leaf_Blight_0426.jpg,Northern_Leaf_Blight,2,test
/content/drive/MyDrive/Plant Disease Detection (Computer Vision)/1st Raw_Data/Corn/Final_Combined/Northern_Leaf_Blight/Corn_Northern_Leaf_Blight_0424.jpg,Northern_Leaf_Blight,2,test
/content/drive/MyDrive/Plant Disease Detection (Computer Vision)/1st Raw_Data/Corn/Final_Combined/Northern_Leaf_Blight/Corn_Northern_Leaf_Blight_0470.jpg,Northern_Leaf_Blight,2,test
/content/drive/MyDrive/Plant Disease Detection (Computer Vision)/1st Raw_Data/Corn/Final_Combined/Northern_Leaf_Blight/Corn_Northern_Leaf_Blight_0558.jpg,Northern_Leaf_Blight,2,test
/content/drive/MyDrive/Plant Disease Detection (Computer Vision)/1st Raw_Data/Corn/Final_Combined/Northern_Leaf_Blight/Corn_Northern_Leaf_Blight_0597.jpg,Northern_Leaf_Blight,2,test
/content/drive/MyDrive/Plant Disease Detection (Computer Vision)/1st Raw_Data/Corn/Final_Combined/Northern_Leaf_Blight/Corn_Northern_Leaf_Blight_0189.jpg,Northern_Leaf_Blight,2,test
/content/drive/MyDrive/Plant Disease Detection (Computer Vision)/1st Raw_Data/Corn/Final_Combined/Northern_Leaf_Blight/Corn_Northern_Leaf_Blight_0267.jpg,Northern_Leaf_Blight,2,test
/content/drive/MyDrive/Plant Disease Detection (Computer Vision)/1st Raw_Data/Corn/Final_Combined/Common_Rust/Corn_Common_Rust_0292.jpg,Common_Rust,1,test
/content/drive/MyDrive/Plant Disease Detection (Computer Vision)/1st Raw_Data/Corn/Final_Combined/Common_Rust/Corn_Common_Rust_0393.jpg,Common_Rust,1,test
/content/drive/MyDrive/Plant Disease Detection (Computer Vision)/1st Raw_Data/Corn/Final_Combined/Northern_Leaf_Blight/Corn_Northern_Leaf_Blight_0030.jpg,Northern_Leaf_Blight,2,test
/content/drive/MyDrive/Plant Disease Detection (Computer Vision)/1st Raw_Data/Corn/Final_Combined/Northern_Leaf_Blight/Corn_Northern_Leaf_Blight_0315.jpg,Northern_Leaf_Blight,2,test
/content/drive/MyDrive/Plant Disease Detection (Computer Vision)/1st Raw_Data/Corn/Final_Combined/Common_Rust/Corn_Common_Rust_0320.jpg,Common_Rust,1,test
/content/drive/MyDrive/Plant Disease Detection (Computer Vision)/1st Raw_Data/Corn/Final_Combined/Common_Rust/Corn_Common_Rust_0585.jpg,Common_Rust,1,test
/content/drive/MyDrive/Plant Disease Detection (Computer Vision)/1st Raw_Data/Corn/Final_Combined/Healthy/Corn_Healthy_0405.jpg,Healthy,0,test
/content/drive/MyDrive/Plant Disease Detection (Computer Vision)/1st Raw_Data/Corn/Final_Combined/Healthy/Corn_Healthy_0321.jpg,Healthy,0,test
/content/drive/MyDrive/Plant Disease Detection (Computer Vision)/1st Raw_Data/Corn/Final_Combined/Northern_Leaf_Blight/Corn_Northern_Leaf_Blight_0472.jpg,Northern_Leaf_Blight,2,test
/content/drive/MyDrive/Plant Disease Detection (Computer Vision)/1st Raw_Data/Corn/Final_Combined/Northern_Leaf_Blight/Corn_Northern_Leaf_Blight_0002.jpg,Northern_Leaf_Blight,2,test
/content/drive/MyDrive/Plant Disease Detection (Computer Vision)/1st Raw_Data/Corn/Final_Combined/Healthy/Corn_Healthy_0376.jpg,Healthy,0,test
/content/drive/MyDrive/Plant Disease Detection (Computer Vision)/1st Raw_Data/Corn/Final_Combined/Healthy/Corn_Healthy_0591.jpg,Healthy,0,test
/content/drive/MyDrive/Plant Disease Detection (Computer Vision)/1st Raw_Data/Corn/Final_Combined/Northern_Leaf_Blight/Corn_Northern_Leaf_Blight_0238.jpg,Northern_Leaf_Blight,2,test
/content/drive/MyDrive/Plant Disease Detection (Computer Vision)/1st Raw_Data/Corn/Final_Combined/Northern_Leaf_Blight/Corn_Northern_Leaf_Blight_0419.jpg,Northern_Leaf_Blight,2,test
/content/drive/MyDrive/Plant Disease Detection (Computer Vision)/1st Raw_Data/Corn/Final_Combined/Common_Rust/Corn_Common_Rust_0209.jpg,Common_Rust,1,test
/content/drive/MyDrive/Plant Disease Detection (Computer Vision)/1st Raw_Data/Corn/Final_Combined/Northern_Leaf_Blight/Corn_Northern_Leaf_Blight_0369.jpg,Northern_Leaf_Blight,2,test
/content/drive/MyDrive/Plant Disease Detection (Computer Vision)/1st Raw_Data/Corn/Final_Combined/Common_Rust/Corn_Common_Rust_0204.jpg,Common_Rust,1,test
/content/drive/MyDrive/Plant Disease Detection (Computer Vision)/1st Raw_Data/Corn/Final_Combined/Common_Rust/Corn_Common_Rust_0041.jpg,Common_Rust,1,test
/content/drive/MyDrive/Plant Disease Detection (Computer Vision)/1st Raw_Data/Corn/Final_Combined/Healthy/Corn_Healthy_0073.jpg,Healthy,0,test
/content/drive/MyDrive/Plant Disease Detection (Computer Vision)/1st Raw_Data/Corn/Final_Combined/Northern_Leaf_Blight/Corn_Northern_Leaf_Blight_0320.jpg,Northern_Leaf_Blight,2,test
/content/drive/MyDrive/Plant Disease Detection (Computer Vision)/1st Raw_Data/Corn/Final_Combined/Northern_Leaf_Blight/Corn_Northern_Leaf_Blight_0093.jpg,Northern_Leaf_Blight,2,test
/content/drive/MyDrive/Plant Disease Detection (Computer Vision)/1st Raw_Data/Corn/Final_Combined/Common_Rust/Corn_Common_Rust_0194.jpg,Common_Rust,1,test
/content/drive/MyDrive/Plant Disease Detection (Computer Vision)/1st Raw_Data/Corn/Final_Combined/Northern_Leaf_Blight/Corn_Northern_Leaf_Blight_0250.jpg,Northern_Leaf_Blight,2,test
/content/drive/MyDrive/Plant Disease Detection (Computer Vision)/1st Raw_Data/Corn/Final_Combined/Northern_Leaf_Blight/Corn_Northern_Leaf_Blight_0527.jpg,Northern_Leaf_Blight,2,test
/content/drive/MyDrive/Plant Disease Detection (Computer Vision)/1st Raw_Data/Corn/Final_Combined/Healthy/Corn_Healthy_0429.jpg,Healthy,0,test
/content/drive/MyDrive/Plant Disease Detection (Computer Vision)/1st Raw_Data/Corn/Final_Combined/Common_Rust/Corn_Common_Rust_0333.jpg,Common_Rust,1,test
/content/drive/MyDrive/Plant Disease Detection (Computer Vision)/1st Raw_Data/Corn/Final_Combined/Healthy/Corn_Healthy_0141.jpg,Healthy,0,test
/content/drive/MyDrive/Plant Disease Detection (Computer Vision)/1st Raw_Data/Corn/Final_Combined/Healthy/Corn_Healthy_0150.jpg,Healthy,0,test
/content/drive/MyDrive/Plant Disease Detection (Computer Vision)/1st Raw_Data/Corn/Final_Combined/Healthy/Corn_Healthy_0189.jpg,Healthy,0,test
/content/drive/MyDrive/Plant Disease Detection (Computer Vision)/1st Raw_Data/Corn/Final_Combined/Common_Rust/Corn_Common_Rust_0072.jpg,Common_Rust,1,test
/content/drive/MyDrive/Plant Disease Detection (Computer Vision)/1st Raw_Data/Corn/Final_Combined/Healthy/Corn_Healthy_0031.jpg,Healthy,0,test
/content/drive/MyDrive/Plant Disease Detection (Computer Vision)/1st Raw_Data/Corn/Final_Combined/Northern_Leaf_Blight/Corn_Northern_Leaf_Blight_0061.jpg,Northern_Leaf_Blight,2,test
/content/drive/MyDrive/Plant Disease Detection (Computer Vision)/1st Raw_Data/Corn/Final_Combined/Common_Rust/Corn_Common_Rust_0176.jpg,Common_Rust,1,test
/content/drive/MyDrive/Plant Disease Detection (Computer Vision)/1st Raw_Data/Corn/Final_Combined/Healthy/Corn_Healthy_0062.jpg,Healthy,0,test
/content/drive/MyDrive/Plant Disease Detection (Computer Vision)/1st Raw_Data/Corn/Final_Combined/Northern_Leaf_Blight/Corn_Northern_Leaf_Blight_0502.jpg,Northern_Leaf_Blight,2,test
/content/drive/MyDrive/Plant Disease Detection (Computer Vision)/1st Raw_Data/Corn/Final_Combined/Northern_Leaf_Blight/Corn_Northern_Leaf_Blight_0596.jpg,Northern_Leaf_Blight,2,test
/content/drive/MyDrive/Plant Disease Detection (Computer Vision)/1st Raw_Data/Corn/Final_Combined/Common_Rust/Corn_Common_Rust_0488.jpg,Common_Rust,1,test
/content/drive/MyDrive/Plant Disease Detection (Computer Vision)/1st Raw_Data/Corn/Final_Combined/Northern_Leaf_Blight/Corn_Northern_Leaf_Blight_0216.jpg,Northern_Leaf_Blight,2,test
/content/drive/MyDrive/Plant Disease Detection (Computer Vision)/1st Raw_Data/Corn/Final_Combined/Healthy/Corn_Healthy_0129.jpg,Healthy,0,test
/content/drive/MyDrive/Plant Disease Detection (Computer Vision)/1st Raw_Data/Corn/Final_Combined/Healthy/Corn_Healthy_0229.jpg,Healthy,0,test
/content/drive/MyDrive/Plant Disease Detection (Computer Vision)/1st Raw_Data/Corn/Final_Combined/Northern_Leaf_Blight/Corn_Northern_Leaf_Blight_0262.jpg,Northern_Leaf_Blight,2,test
/content/drive/MyDrive/Plant Disease Detection (Computer Vision)/1st Raw_Data/Corn/Final_Combined/Common_Rust/Corn_Common_Rust_0032.jpg,Common_Rust,1,test
/content/drive/MyDrive/Plant Disease Detection (Computer Vision)/1st Raw_Data/Corn/Final_Combined/Northern_Leaf_Blight/Corn_Northern_Leaf_Blight_0220.jpg,Northern_Leaf_Blight,2,test
/content/drive/MyDrive/Plant Disease Detection (Computer Vision)/1st Raw_Data/Corn/Final_Combined/Healthy/Corn_Healthy_0576.jpg,Healthy,0,test
/content/drive/MyDrive/Plant Disease Detection (Computer Vision)/1st Raw_Data/Corn/Final_Combined/Northern_Leaf_Blight/Corn_Northern_Leaf_Blight_0583.jpg,Northern_Leaf_Blight,2,test
/content/drive/MyDrive/Plant Disease Detection (Computer Vision)/1st Raw_Data/Corn/Final_Combined/Common_Rust/Corn_Common_Rust_0545.jpg,Common_Rust,1,test
/content/drive/MyDrive/Plant Disease Detection (Computer Vision)/1st Raw_Data/Corn/Final_Combined/Healthy/Corn_Healthy_0287.jpg,Healthy,0,test
/content/drive/MyDrive/Plant Disease Detection (Computer Vision)/1st Raw_Data/Corn/Final_Combined/Northern_Leaf_Blight/Corn_Northern_Leaf_Blight_0026.jpg,Northern_Leaf_Blight,2,test
/content/drive/MyDrive/Plant Disease Detection (Computer Vision)/1st Raw_Data/Corn/Final_Combined/Healthy/Corn_Healthy_0508.jpg,Healthy,0,test
/content/drive/MyDrive/Plant Disease Detection (Computer Vision)/1st Raw_Data/Corn/Final_Combined/Healthy/Corn_Healthy_0541.jpg,Healthy,0,test
/content/drive/MyDrive/Plant Disease Detection (Computer Vision)/1st Raw_Data/Corn/Final_Combined/Common_Rust/Corn_Common_Rust_0308.jpg,Common_Rust,1,test
/content/drive/MyDrive/Plant Disease Detection (Computer Vision)/1st Raw_Data/Corn/Final_Combined/Northern_Leaf_Blight/Corn_Northern_Leaf_Blight_0294.jpg,Northern_Leaf_Blight,2,test
/content/drive/MyDrive/Plant Disease Detection (Computer Vision)/1st Raw_Data/Corn/Final_Combined/Northern_Leaf_Blight/Corn_Northern_Leaf_Blight_0401.jpg,Northern_Leaf_Blight,2,test
/content/drive/MyDrive/Plant Disease Detection (Computer Vision)/1st Raw_Data/Corn/Final_Combined/Northern_Leaf_Blight/Corn_Northern_Leaf_Blight_0448.jpg,Northern_Leaf_Blight,2,test
/content/drive/MyDrive/Plant Disease Detection (Computer Vision)/1st Raw_Data/Corn/Final_Combined/Healthy/Corn_Healthy_0299.jpg,Healthy,0,test
/content/drive/MyDrive/Plant Disease Detection (Computer Vision)/1st Raw_Data/Corn/Final_Combined/Common_Rust/Corn_Common_Rust_0084.jpg,Common_Rust,1,test
/content/drive/MyDrive/Plant Disease Detection (Computer Vision)/1st Raw_Data/Corn/Final_Combined/Healthy/Corn_Healthy_0246.jpg,Healthy,0,test
/content/drive/MyDrive/Plant Disease Detection (Computer Vision)/1st Raw_Data/Corn/Final_Combined/Healthy/Corn_Healthy_0059.jpg,Healthy,0,test
/content/drive/MyDrive/Plant Disease Detection (Computer Vision)/1st Raw_Data/Corn/Final_Combined/Northern_Leaf_Blight/Corn_Northern_Leaf_Blight_0378.jpg,Northern_Leaf_Blight,2,test
/content/drive/MyDrive/Plant Disease Detection (Computer Vision)/1st Raw_Data/Corn/Final_Combined/Common_Rust/Corn_Common_Rust_0287.jpg,Common_Rust,1,test
/content/drive/MyDrive/Plant Disease Detection (Computer Vision)/1st Raw_Data/Corn/Final_Combined/Northern_Leaf_Blight/Corn_Northern_Leaf_Blight_0565.jpg,Northern_Leaf_Blight,2,test
/content/drive/MyDrive/Plant Disease Detection (Computer Vision)/1st Raw_Data/Corn/Final_Combined/Healthy/Corn_Healthy_0242.jpg,Healthy,0,test
/content/drive/MyDrive/Plant Disease Detection (Computer Vision)/1st Raw_Data/Corn/Final_Combined/Northern_Leaf_Blight/Corn_Northern_Leaf_Blight_0119.jpg,Northern_Leaf_Blight,2,test
/content/drive/MyDrive/Plant Disease Detection (Computer Vision)/1st Raw_Data/Corn/Final_Combined/Northern_Leaf_Blight/Corn_Northern_Leaf_Blight_0421.jpg,Northern_Leaf_Blight,2,test
/content/drive/MyDrive/Plant Disease Detection (Computer Vision)/1st Raw_Data/Corn/Final_Combined/Common_Rust/Corn_Common_Rust_0334.jpg,Common_Rust,1,test
/content/drive/MyDrive/Plant Disease Detection (Computer Vision)/1st Raw_Data/Corn/Final_Combined/Healthy/Corn_Healthy_0109.jpg,Healthy,0,test
/content/drive/MyDrive/Plant Disease Detection (Computer Vision)/1st Raw_Data/Corn/Final_Combined/Healthy/Corn_Healthy_0496.jpg,Healthy,0,test
/content/drive/MyDrive/Plant Disease Detection (Computer Vision)/1st Raw_Data/Corn/Final_Combined/Northern_Leaf_Blight/Corn_Northern_Leaf_Blight_0287.jpg,Northern_Leaf_Blight,2,test
/content/drive/MyDrive/Plant Disease Detection (Computer Vision)/1st Raw_Data/Corn/Final_Combined/Common_Rust/Corn_Common_Rust_0597.jpg,Common_Rust,1,test
/content/drive/MyDrive/Plant Disease Detection (Computer Vision)/1st Raw_Data/Corn/Final_Combined/Common_Rust/Corn_Common_Rust_0385.jpg,Common_Rust,1,test
/content/drive/MyDrive/Plant Disease Detection (Computer Vision)/1st Raw_Data/Corn/Final_Combined/Northern_Leaf_Blight/Corn_Northern_Leaf_Blight_0039.jpg,Northern_Leaf_Blight,2,test
/content/drive/MyDrive/Plant Disease Detection (Computer Vision)/1st Raw_Data/Corn/Final_Combined/Northern_Leaf_Blight/Corn_Northern_Leaf_Blight_0169.jpg,Northern_Leaf_Blight,2,test
/content/drive/MyDrive/Plant Disease Detection (Computer Vision)/1st Raw_Data/Corn/Final_Combined/Common_Rust/Corn_Common_Rust_0224.jpg,Common_Rust,1,test
/content/drive/MyDrive/Plant Disease Detection (Computer Vision)/1st Raw_Data/Corn/Final_Combined/Common_Rust/Corn_Common_Rust_0284.jpg,Common_Rust,1,test
/content/drive/MyDrive/Plant Disease Detection (Computer Vision)/1st Raw_Data/Corn/Final_Combined/Northern_Leaf_Blight/Corn_Northern_Leaf_Blight_0247.jpg,Northern_Leaf_Blight,2,test
/content/drive/MyDrive/Plant Disease Detection (Computer Vision)/1st Raw_Data/Corn/Final_Combined/Northern_Leaf_Blight/Corn_Northern_Leaf_Blight_0568.jpg,Northern_Leaf_Blight,2,test
/content/drive/MyDrive/Plant Disease Detection (Computer Vision)/1st Raw_Data/Corn/Final_Combined/Common_Rust/Corn_Common_Rust_0270.jpg,Common_Rust,1,test
/content/drive/MyDrive/Plant Disease Detection (Computer Vision)/1st Raw_Data/Corn/Final_Combined/Common_Rust/Corn_Common_Rust_0128.jpg,Common_Rust,1,test
/content/drive/MyDrive/Plant Disease Detection (Computer Vision)/1st Raw_Data/Corn/Final_Combined/Common_Rust/Corn_Common_Rust_0518.jpg,Common_Rust,1,test
/content/drive/MyDrive/Plant Disease Detection (Computer Vision)/1st Raw_Data/Corn/Final_Combined/Common_Rust/Corn_Common_Rust_0399.jpg,Common_Rust,1,test
/content/drive/MyDrive/Plant Disease Detection (Computer Vision)/1st Raw_Data/Corn/Final_Combined/Healthy/Corn_Healthy_0484.jpg,Healthy,0,test
/content/drive/MyDrive/Plant Disease Detection (Computer Vision)/1st Raw_Data/Corn/Final_Combined/Common_Rust/Corn_Common_Rust_0085.jpg,Common_Rust,1,test
/content/drive/MyDrive/Plant Disease Detection (Computer Vision)/1st Raw_Data/Corn/Final_Combined/Common_Rust/Corn_Common_Rust_0145.jpg,Common_Rust,1,test
/content/drive/MyDrive/Plant Disease Detection (Computer Vision)/1st Raw_Data/Corn/Final_Combined/Healthy/Corn_Healthy_0068.jpg,Healthy,0,test
/content/drive/MyDrive/Plant Disease Detection (Computer Vision)/1st Raw_Data/Corn/Final_Combined/Common_Rust/Corn_Common_Rust_0297.jpg,Common_Rust,1,test
/content/drive/MyDrive/Plant Disease Detection (Computer Vision)/1st Raw_Data/Corn/Final_Combined/Northern_Leaf_Blight/Corn_Northern_Leaf_Blight_0243.jpg,Northern_Leaf_Blight,2,test
/content/drive/MyDrive/Plant Disease Detection (Computer Vision)/1st Raw_Data/Corn/Final_Combined/Healthy/Corn_Healthy_0034.jpg,Healthy,0,test
/content/drive/MyDrive/Plant Disease Detection (Computer Vision)/1st Raw_Data/Corn/Final_Combined/Healthy/Corn_Healthy_0534.jpg,Healthy,0,test
/content/drive/MyDrive/Plant Disease Detection (Computer Vision)/1st Raw_Data/Corn/Final_Combined/Common_Rust/Corn_Common_Rust_0578.jpg,Common_Rust,1,test
/content/drive/MyDrive/Plant Disease Detection (Computer Vision)/1st Raw_Data/Corn/Final_Combined/Common_Rust/Corn_Common_Rust_0040.jpg,Common_Rust,1,test
/content/drive/MyDrive/Plant Disease Detection (Computer Vision)/1st Raw_Data/Corn/Final_Combined/Healthy/Corn_Healthy_0535.jpg,Healthy,0,test
/content/drive/MyDrive/Plant Disease Detection (Computer Vision)/1st Raw_Data/Corn/Final_Combined/Common_Rust/Corn_Common_Rust_0413.jpg,Common_Rust,1,test
/content/drive/MyDrive/Plant Disease Detection (Computer Vision)/1st Raw_Data/Corn/Final_Combined/Common_Rust/Corn_Common_Rust_0120.jpg,Common_Rust,1,test
/content/drive/MyDrive/Plant Disease Detection (Computer Vision)/1st Raw_Data/Corn/Final_Combined/Common_Rust/Corn_Common_Rust_0185.jpg,Common_Rust,1,test
/content/drive/MyDrive/Plant Disease Detection (Computer Vision)/1st Raw_Data/Corn/Final_Combined/Healthy/Corn_Healthy_0547.jpg,Healthy,0,test
/content/drive/MyDrive/Plant Disease Detection (Computer Vision)/1st Raw_Data/Corn/Final_Combined/Healthy/Corn_Healthy_0274.jpg,Healthy,0,test
/content/drive/MyDrive/Plant Disease Detection (Computer Vision)/1st Raw_Data/Corn/Final_Combined/Northern_Leaf_Blight/Corn_Northern_Leaf_Blight_0567.jpg,Northern_Leaf_Blight,2,test
/content/drive/MyDrive/Plant Disease Detection (Computer Vision)/1st Raw_Data/Corn/Final_Combined/Healthy/Corn_Healthy_0533.jpg,Healthy,0,test
/content/drive/MyDrive/Plant Disease Detection (Computer Vision)/1st Raw_Data/Corn/Final_Combined/Common_Rust/Corn_Common_Rust_0199.jpg,Common_Rust,1,test
/content/drive/MyDrive/Plant Disease Detection (Computer Vision)/1st Raw_Data/Corn/Final_Combined/Healthy/Corn_Healthy_0500.jpg,Healthy,0,test
/content/drive/MyDrive/Plant Disease Detection (Computer Vision)/1st Raw_Data/Corn/Final_Combined/Healthy/Corn_Healthy_0460.jpg,Healthy,0,test
/content/drive/MyDrive/Plant Disease Detection (Computer Vision)/1st Raw_Data/Corn/Final_Combined/Common_Rust/Corn_Common_Rust_0010.jpg,Common_Rust,1,test
/content/drive/MyDrive/Plant Disease Detection (Computer Vision)/1st Raw_Data/Corn/Final_Combined/Healthy/Corn_Healthy_0007.jpg,Healthy,0,test
/content/drive/MyDrive/Plant Disease Detection (Computer Vision)/1st Raw_Data/Corn/Final_Combined/Northern_Leaf_Blight/Corn_Northern_Leaf_Blight_0021.jpg,Northern_Leaf_Blight,2,test
/content/drive/MyDrive/Plant Disease Detection (Computer Vision)/1st Raw_Data/Corn/Final_Combined/Northern_Leaf_Blight/Corn_Northern_Leaf_Blight_0139.jpg,Northern_Leaf_Blight,2,test
/content/drive/MyDrive/Plant Disease Detection (Computer Vision)/1st Raw_Data/Corn/Final_Combined/Healthy/Corn_Healthy_0281.jpg,Healthy,0,test
/content/drive/MyDrive/Plant Disease Detection (Computer Vision)/1st Raw_Data/Corn/Final_Combined/Healthy/Corn_Healthy_0309.jpg,Healthy,0,test
/content/drive/MyDrive/Plant Disease Detection (Computer Vision)/1st Raw_Data/Corn/Final_Combined/Northern_Leaf_Blight/Corn_Northern_Leaf_Blight_0386.jpg,Northern_Leaf_Blight,2,test
/content/drive/MyDrive/Plant Disease Detection (Computer Vision)/1st Raw_Data/Corn/Final_Combined/Healthy/Corn_Healthy_0185.jpg,Healthy,0,test
/content/drive/MyDrive/Plant Disease Detection (Computer Vision)/1st Raw_Data/Corn/Final_Combined/Common_Rust/Corn_Common_Rust_0015.jpg,Common_Rust,1,test
/content/drive/MyDrive/Plant Disease Detection (Computer Vision)/1st Raw_Data/Corn/Final_Combined/Common_Rust/Corn_Common_Rust_0095.jpg,Common_Rust,1,test
/content/drive/MyDrive/Plant Disease Detection (Computer Vision)/1st Raw_Data/Corn/Final_Combined/Healthy/Corn_Healthy_0355.jpg,Healthy,0,test
/content/drive/MyDrive/Plant Disease Detection (Computer Vision)/1st Raw_Data/Corn/Final_Combined/Healthy/Corn_Healthy_0571.jpg,Healthy,0,test
/content/drive/MyDrive/Plant Disease Detection (Computer Vision)/1st Raw_Data/Corn/Final_Combined/Northern_Leaf_Blight/Corn_Northern_Leaf_Blight_0150.jpg,Northern_Leaf_Blight,2,test
/content/drive/MyDrive/Plant Disease Detection (Computer Vision)/1st Raw_Data/Corn/Final_Combined/Common_Rust/Corn_Common_Rust_0503.jpg,Common_Rust,1,test
/content/drive/MyDrive/Plant Disease Detection (Computer Vision)/1st Raw_Data/Corn/Final_Combined/Northern_Leaf_Blight/Corn_Northern_Leaf_Blight_0449.jpg,Northern_Leaf_Blight,2,test
/content/drive/MyDrive/Plant Disease Detection (Computer Vision)/1st Raw_Data/Corn/Final_Combined/Northern_Leaf_Blight/Corn_Northern_Leaf_Blight_0512.jpg,Northern_Leaf_Blight,2,test
/content/drive/MyDrive/Plant Disease Detection (Computer Vision)/1st Raw_Data/Corn/Final_Combined/Northern_Leaf_Blight/Corn_Northern_Leaf_Blight_0240.jpg,Northern_Leaf_Blight,2,test
/content/drive/MyDrive/Plant Disease Detection (Computer Vision)/1st Raw_Data/Corn/Final_Combined/Northern_Leaf_Blight/Corn_Northern_Leaf_Blight_0443.jpg,Northern_Leaf_Blight,2,test
/content/drive/MyDrive/Plant Disease Detection (Computer Vision)/1st Raw_Data/Corn/Final_Combined/Northern_Leaf_Blight/Corn_Northern_Leaf_Blight_0224.jpg,Northern_Leaf_Blight,2,test
/content/drive/MyDrive/Plant Disease Detection (Computer Vision)/1st Raw_Data/Corn/Final_Combined/Common_Rust/Corn_Common_Rust_0594.jpg,Common_Rust,1,test
/content/drive/MyDrive/Plant Disease Detection (Computer Vision)/1st Raw_Data/Corn/Final_Combined/Northern_Leaf_Blight/Corn_Northern_Leaf_Blight_0011.jpg,Northern_Leaf_Blight,2,test
/content/drive/MyDrive/Plant Disease Detection (Computer Vision)/1st Raw_Data/Corn/Final_Combined/Healthy/Corn_Healthy_0177.jpg,Healthy,0,test
/content/drive/MyDrive/Plant Disease Detection (Computer Vision)/1st Raw_Data/Corn/Final_Combined/Common_Rust/Corn_Common_Rust_0535.jpg,Common_Rust,1,test
/content/drive/MyDrive/Plant Disease Detection (Computer Vision)/1st Raw_Data/Corn/Final_Combined/Healthy/Corn_Healthy_0335.jpg,Healthy,0,test
/content/drive/MyDrive/Plant Disease Detection (Computer Vision)/1st Raw_Data/Corn/Final_Combined/Northern_Leaf_Blight/Corn_Northern_Leaf_Blight_0007.jpg,Northern_Leaf_Blight,2,test
/content/drive/MyDrive/Plant Disease Detection (Computer Vision)/1st Raw_Data/Corn/Final_Combined/Healthy/Corn_Healthy_0507.jpg,Healthy,0,test
/content/drive/MyDrive/Plant Disease Detection (Computer Vision)/1st Raw_Data/Corn/Final_Combined/Common_Rust/Corn_Common_Rust_0272.jpg,Common_Rust,1,test
/content/drive/MyDrive/Plant Disease Detection (Computer Vision)/1st Raw_Data/Corn/Final_Combined/Healthy/Corn_Healthy_0003.jpg,Healthy,0,test
/content/drive/MyDrive/Plant Disease Detection (Computer Vision)/1st Raw_Data/Corn/Final_Combined/Healthy/Corn_Healthy_0236.jpg,Healthy,0,test
/content/drive/MyDrive/Plant Disease Detection (Computer Vision)/1st Raw_Data/Corn/Final_Combined/Common_Rust/Corn_Common_Rust_0402.jpg,Common_Rust,1,test
/content/drive/MyDrive/Plant Disease Detection (Computer Vision)/1st Raw_Data/Corn/Final_Combined/Healthy/Corn_Healthy_0111.jpg,Healthy,0,test
/content/drive/MyDrive/Plant Disease Detection (Computer Vision)/1st Raw_Data/Corn/Final_Combined/Healthy/Corn_Healthy_0130.jpg,Healthy,0,test
/content/drive/MyDrive/Plant Disease Detection (Computer Vision)/1st Raw_Data/Corn/Final_Combined/Northern_Leaf_Blight/Corn_Northern_Leaf_Blight_0435.jpg,Northern_Leaf_Blight,2,test
/content/drive/MyDrive/Plant Disease Detection (Computer Vision)/1st Raw_Data/Corn/Final_Combined/Healthy/Corn_Healthy_0074.jpg,Healthy,0,test
/content/drive/MyDrive/Plant Disease Detection (Computer Vision)/1st Raw_Data/Corn/Final_Combined/Northern_Leaf_Blight/Corn_Northern_Leaf_Blight_0460.jpg,Northern_Leaf_Blight,2,test
/content/drive/MyDrive/Plant Disease Detection (Computer Vision)/1st Raw_Data/Corn/Final_Combined/Common_Rust/Corn_Common_Rust_0317.jpg,Common_Rust,1,test
/content/drive/MyDrive/Plant Disease Detection (Computer Vision)/1st Raw_Data/Corn/Final_Combined/Northern_Leaf_Blight/Corn_Northern_Leaf_Blight_0289.jpg,Northern_Leaf_Blight,2,test
/content/drive/MyDrive/Plant Disease Detection (Computer Vision)/1st Raw_Data/Corn/Final_Combined/Healthy/Corn_Healthy_0174.jpg,Healthy,0,test
/content/drive/MyDrive/Plant Disease Detection (Computer Vision)/1st Raw_Data/Corn/Final_Combined/Northern_Leaf_Blight/Corn_Northern_Leaf_Blight_0174.jpg,Northern_Leaf_Blight,2,test
/content/drive/MyDrive/Plant Disease Detection (Computer Vision)/1st Raw_Data/Corn/Final_Combined/Healthy/Corn_Healthy_0167.jpg,Healthy,0,test
/content/drive/MyDrive/Plant Disease Detection (Computer Vision)/1st Raw_Data/Corn/Final_Combined/Healthy/Corn_Healthy_0032.jpg,Healthy,0,test
/content/drive/MyDrive/Plant Disease Detection (Computer Vision)/1st Raw_Data/Corn/Final_Combined/Northern_Leaf_Blight/Corn_Northern_Leaf_Blight_0167.jpg,Northern_Leaf_Blight,2,test
/content/drive/MyDrive/Plant Disease Detection (Computer Vision)/1st Raw_Data/Corn/Final_Combined/Common_Rust/Corn_Common_Rust_0023.jpg,Common_Rust,1,test
/content/drive/MyDrive/Plant Disease Detection (Computer Vision)/1st Raw_Data/Corn/Final_Combined/Common_Rust/Corn_Common_Rust_0305.jpg,Common_Rust,1,test
/content/drive/MyDrive/Plant Disease Detection (Computer Vision)/1st Raw_Data/Corn/Final_Combined/Healthy/Corn_Healthy_0188.jpg,Healthy,0,test
/content/drive/MyDrive/Plant Disease Detection (Computer Vision)/1st Raw_Data/Corn/Final_Combined/Healthy/Corn_Healthy_0573.jpg,Healthy,0,test
/content/drive/MyDrive/Plant Disease Detection (Computer Vision)/1st Raw_Data/Corn/Final_Combined/Common_Rust/Corn_Common_Rust_0501.jpg,Common_Rust,1,test
/content/drive/MyDrive/Plant Disease Detection (Computer Vision)/1st Raw_Data/Corn/Final_Combined/Northern_Leaf_Blight/Corn_Northern_Leaf_Blight_0465.jpg,Northern_Leaf_Blight,2,test
/content/drive/MyDrive/Plant Disease Detection (Computer Vision)/1st Raw_Data/Corn/Final_Combined/Northern_Leaf_Blight/Corn_Northern_Leaf_Blight_0270.jpg,Northern_Leaf_Blight,2,test
/content/drive/MyDrive/Plant Disease Detection (Computer Vision)/1st Raw_Data/Corn/Final_Combined/Northern_Leaf_Blight/Corn_Northern_Leaf_Blight_0388.jpg,Northern_Leaf_Blight,2,test
/content/drive/MyDrive/Plant Disease Detection (Computer Vision)/1st Raw_Data/Corn/Final_Combined/Common_Rust/Corn_Common_Rust_0299.jpg,Common_Rust,1,test
/content/drive/MyDrive/Plant Disease Detection (Computer Vision)/1st Raw_Data/Corn/Final_Combined/Common_Rust/Corn_Common_Rust_0174.jpg,Common_Rust,1,test
/content/drive/MyDrive/Plant Disease Detection (Computer Vision)/1st Raw_Data/Corn/Final_Combined/Common_Rust/Corn_Common_Rust_0437.jpg,Common_Rust,1,test
/content/drive/MyDrive/Plant Disease Detection (Computer Vision)/1st Raw_Data/Corn/Final_Combined/Northern_Leaf_Blight/Corn_Northern_Leaf_Blight_0171.jpg,Northern_Leaf_Blight,2,test
/content/drive/MyDrive/Plant Disease Detection (Computer Vision)/1st Raw_Data/Corn/Final_Combined/Northern_Leaf_Blight/Corn_Northern_Leaf_Blight_0384.jpg,Northern_Leaf_Blight,2,test
/content/drive/MyDrive/Plant Disease Detection (Computer Vision)/1st Raw_Data/Corn/Final_Combined/Northern_Leaf_Blight/Corn_Northern_Leaf_Blight_0196.jpg,Northern_Leaf_Blight,2,test
/content/drive/MyDrive/Plant Disease Detection (Computer Vision)/1st Raw_Data/Corn/Final_Combined/Healthy/Corn_Healthy_0026.jpg,Healthy,0,test
/content/drive/MyDrive/Plant Disease Detection (Computer Vision)/1st Raw_Data/Corn/Final_Combined/Northern_Leaf_Blight/Corn_Northern_Leaf_Blight_0333.jpg,Northern_Leaf_Blight,2,test
/content/drive/MyDrive/Plant Disease Detection (Computer Vision)/1st Raw_Data/Corn/Final_Combined/Healthy/Corn_Healthy_0001.jpg,Healthy,0,test
/content/drive/MyDrive/Plant Disease Detection (Computer Vision)/1st Raw_Data/Corn/Final_Combined/Northern_Leaf_Blight/Corn_Northern_Leaf_Blight_0501.jpg,Northern_Leaf_Blight,2,test
/content/drive/MyDrive/Plant Disease Detection (Computer Vision)/1st Raw_Data/Corn/Final_Combined/Northern_Leaf_Blight/Corn_Northern_Leaf_Blight_0227.jpg,Northern_Leaf_Blight,2,test
/content/drive/MyDrive/Plant Disease Detection (Computer Vision)/1st Raw_Data/Corn/Final_Combined/Common_Rust/Corn_Common_Rust_0069.jpg,Common_Rust,1,test
/content/drive/MyDrive/Plant Disease Detection (Computer Vision)/1st Raw_Data/Corn/Final_Combined/Northern_Leaf_Blight/Corn_Northern_Leaf_Blight_0488.jpg,Northern_Leaf_Blight,2,test
/content/drive/MyDrive/Plant Disease Detection (Computer Vision)/1st Raw_Data/Corn/Final_Combined/Northern_Leaf_Blight/Corn_Northern_Leaf_Blight_0427.jpg,Northern_Leaf_Blight,2,test
/content/drive/MyDrive/Plant Disease Detection (Computer Vision)/1st Raw_Data/Corn/Final_Combined/Common_Rust/Corn_Common_Rust_0310.jpg,Common_Rust,1,test
/content/drive/MyDrive/Plant Disease Detection (Computer Vision)/1st Raw_Data/Corn/Final_Combined/Common_Rust/Corn_Common_Rust_0311.jpg,Common_Rust,1,test
/content/drive/MyDrive/Plant Disease Detection (Computer Vision)/1st Raw_Data/Corn/Final_Combined/Common_Rust/Corn_Common_Rust_0372.jpg,Common_Rust,1,test
/content/drive/MyDrive/Plant Disease Detection (Computer Vision)/1st Raw_Data/Corn/Final_Combined/Healthy/Corn_Healthy_0480.jpg,Healthy,0,test
/content/drive/MyDrive/Plant Disease Detection (Computer Vision)/1st Raw_Data/Corn/Final_Combined/Northern_Leaf_Blight/Corn_Northern_Leaf_Blight_0273.jpg,Northern_Leaf_Blight,2,test
/content/drive/MyDrive/Plant Disease Detection (Computer Vision)/1st Raw_Data/Corn/Final_Combined/Healthy/Corn_Healthy_0466.jpg,Healthy,0,test
/content/drive/MyDrive/Plant Disease Detection (Computer Vision)/1st Raw_Data/Corn/Final_Combined/Northern_Leaf_Blight/Corn_Northern_Leaf_Blight_0545.jpg,Northern_Leaf_Blight,2,test
/content/drive/MyDrive/Plant Disease Detection (Computer Vision)/1st Raw_Data/Corn/Final_Combined/Healthy/Corn_Healthy_0101.jpg,Healthy,0,test
/content/drive/MyDrive/Plant Disease Detection (Computer Vision)/1st Raw_Data/Corn/Final_Combined/Northern_Leaf_Blight/Corn_Northern_Leaf_Blight_0085.jpg,Northern_Leaf_Blight,2,test
/content/drive/MyDrive/Plant Disease Detection (Computer Vision)/1st Raw_Data/Corn/Final_Combined/Healthy/Corn_Healthy_0319.jpg,Healthy,0,test
/content/drive/MyDrive/Plant Disease Detection (Computer Vision)/1st Raw_Data/Corn/Final_Combined/Healthy/Corn_Healthy_0446.jpg,Healthy,0,test
/content/drive/MyDrive/Plant Disease Detection (Computer Vision)/1st Raw_Data/Corn/Final_Combined/Common_Rust/Corn_Common_Rust_0027.jpg,Common_Rust,1,test
/content/drive/MyDrive/Plant Disease Detection (Computer Vision)/1st Raw_Data/Corn/Final_Combined/Common_Rust/Corn_Common_Rust_0248.jpg,Common_Rust,1,test
/content/drive/MyDrive/Plant Disease Detection (Computer Vision)/1st Raw_Data/Corn/Final_Combined/Healthy/Corn_Healthy_0193.jpg,Healthy,0,test
/content/drive/MyDrive/Plant Disease Detection (Computer Vision)/1st Raw_Data/Corn/Final_Combined/Northern_Leaf_Blight/Corn_Northern_Leaf_Blight_0276.jpg,Northern_Leaf_Blight,2,test
/content/drive/MyDrive/Plant Disease Detection (Computer Vision)/1st Raw_Data/Corn/Final_Combined/Northern_Leaf_Blight/Corn_Northern_Leaf_Blight_0450.jpg,Northern_Leaf_Blight,2,test
/content/drive/MyDrive/Plant Disease Detection (Computer Vision)/1st Raw_Data/Corn/Final_Combined/Common_Rust/Corn_Common_Rust_0467.jpg,Common_Rust,1,test
/content/drive/MyDrive/Plant Disease Detection (Computer Vision)/1st Raw_Data/Corn/Final_Combined/Healthy/Corn_Healthy_0527.jpg,Healthy,0,test
/content/drive/MyDrive/Plant Disease Detection (Computer Vision)/1st Raw_Data/Corn/Final_Combined/Healthy/Corn_Healthy_0516.jpg,Healthy,0,test
/content/drive/MyDrive/Plant Disease Detection (Computer Vision)/1st Raw_Data/Corn/Final_Combined/Healthy/Corn_Healthy_0578.jpg,Healthy,0,test
/content/drive/MyDrive/Plant Disease Detection (Computer Vision)/1st Raw_Data/Corn/Final_Combined/Common_Rust/Corn_Common_Rust_0295.jpg,Common_Rust,1,test
/content/drive/MyDrive/Plant Disease Detection (Computer Vision)/1st Raw_Data/Corn/Final_Combined/Healthy/Corn_Healthy_0049.jpg,Healthy,0,test
/content/drive/MyDrive/Plant Disease Detection (Computer Vision)/1st Raw_Data/Corn/Final_Combined/Northern_Leaf_Blight/Corn_Northern_Leaf_Blight_0123.jpg,Northern_Leaf_Blight,2,test
/content/drive/MyDrive/Plant Disease Detection (Computer Vision)/1st Raw_Data/Corn/Final_Combined/Healthy/Corn_Healthy_0451.jpg,Healthy,0,test
/content/drive/MyDrive/Plant Disease Detection (Computer Vision)/1st Raw_Data/Corn/Final_Combined/Common_Rust/Corn_Common_Rust_0275.jpg,Common_Rust,1,test
/content/drive/MyDrive/Plant Disease Detection (Computer Vision)/1st Raw_Data/Corn/Final_Combined/Healthy/Corn_Healthy_0230.jpg,Healthy,0,test
/content/drive/MyDrive/Plant Disease Detection (Computer Vision)/1st Raw_Data/Corn/Final_Combined/Healthy/Corn_Healthy_0043.jpg,Healthy,0,test
/content/drive/MyDrive/Plant Disease Detection (Computer Vision)/1st Raw_Data/Corn/Final_Combined/Healthy/Corn_Healthy_0276.jpg,Healthy,0,test
/content/drive/MyDrive/Plant Disease Detection (Computer Vision)/1st Raw_Data/Corn/Final_Combined/Northern_Leaf_Blight/Corn_Northern_Leaf_Blight_0154.jpg,Northern_Leaf_Blight,2,test
/content/drive/MyDrive/Plant Disease Detection (Computer Vision)/1st Raw_Data/Corn/Final_Combined/Common_Rust/Corn_Common_Rust_0235.jpg,Common_Rust,1,test
/content/drive/MyDrive/Plant Disease Detection (Computer Vision)/1st Raw_Data/Corn/Final_Combined/Healthy/Corn_Healthy_0153.jpg,Healthy,0,test
/content/drive/MyDrive/Plant Disease Detection (Computer Vision)/1st Raw_Data/Corn/Final_Combined/Healthy/Corn_Healthy_0379.jpg,Healthy,0,test
/content/drive/MyDrive/Plant Disease Detection (Computer Vision)/1st Raw_Data/Corn/Final_Combined/Common_Rust/Corn_Common_Rust_0277.jpg,Common_Rust,1,test
/content/drive/MyDrive/Plant Disease Detection (Computer Vision)/1st Raw_Data/Corn/Final_Combined/Common_Rust/Corn_Common_Rust_0288.jpg,Common_Rust,1,test
/content/drive/MyDrive/Plant Disease Detection (Computer Vision)/1st Raw_Data/Corn/Final_Combined/Healthy/Corn_Healthy_0005.jpg,Healthy,0,test
/content/drive/MyDrive/Plant Disease Detection (Computer Vision)/1st Raw_Data/Corn/Final_Combined/Healthy/Corn_Healthy_0424.jpg,Healthy,0,test
/content/drive/MyDrive/Plant Disease Detection (Computer Vision)/1st Raw_Data/Corn/Final_Combined/Common_Rust/Corn_Common_Rust_0219.jpg,Common_Rust,1,test
/content/drive/MyDrive/Plant Disease Detection (Computer Vision)/1st Raw_Data/Corn/Final_Combined/Healthy/Corn_Healthy_0060.jpg,Healthy,0,test
/content/drive/MyDrive/Plant Disease Detection (Computer Vision)/1st Raw_Data/Corn/Final_Combined/Common_Rust/Corn_Common_Rust_0495.jpg,Common_Rust,1,test
/content/drive/MyDrive/Plant Disease Detection (Computer Vision)/1st Raw_Data/Corn/Final_Combined/Common_Rust/Corn_Common_Rust_0448.jpg,Common_Rust,1,test
